feature,importance
num__premium_amount,0.06032794533635179
num__coverage_amount,0.06003631161337781
num__income_level,0.06003290383127813
num__deductible,0.05999523986838613
num__credit_score,0.059038207430263584
num__age,0.05327720389510907
num__claim_history,0.03258676053536656
num__previous_claims_history,0.027546940265875806
cat__segmentation_group_Segment5,0.010561396429843023
cat__policy_type_Group,0.010438964412199065
cat__marital_status_Divorced,0.010406006717770342
cat__marital_status_Married,0.010324352130820775
cat__segmentation_group_Segment2,0.010179425764578816
cat__policy_type_Family,0.009901822836879851
cat__segmentation_group_Segment3,0.009520646857964485
cat__segmentation_group_Segment4,0.009502909351917966
cat__policy_type_Business,0.009401901857098756
cat__education_level_Doctorate,0.00928315509875136
cat__marital_status_Single,0.009222990265933297
cat__marital_status_Separated,0.009031049868140042
cat__education_level_Associate Degree,0.009025773065205966
cat__marital_status_Widowed,0.00896230936559579
cat__policy_type_Individual,0.008946694798694067
cat__education_level_Master's Degree,0.008559403377223825
cat__behavioral_data_policy2,0.008475655882271902
cat__segmentation_group_Segment1,0.00842044030621912
cat__occupation_Salesperson,0.008260306749926817
cat__occupation_Entrepreneur,0.00819912418701469
cat__behavioral_data_policy3,0.007735417933287021
cat__behavioral_data_policy1,0.007670418127353625
cat__occupation_Engineer,0.007609927140034167
cat__occupation_Doctor,0.007603214883735615
cat__occupation_Manager,0.0075735306850146485
cat__occupation_Artist,0.007530715002198511
cat__education_level_Bachelor's Degree,0.007512432295131499
cat__occupation_Teacher,0.00739250825507899
cat__behavioral_data_policy4,0.00724863900834576
cat__behavioral_data_policy5,0.007183623156610492
cat__occupation_Lawyer,0.007075102880032937
cat__education_level_High School Diploma,0.00682967054753402
cat__occupation_Nurse,0.006608277079945976
cat__gender_Male,0.0051628198010463715
cat__gender_Female,0.005111452144525877
cat__purchase_history_03-12-2018,0.0008887655885680319
cat__purchase_history_5/14/2019,0.0005488165767952908
cat__purchase_history_11/22/2022,0.0005333143542500068
cat__purchase_history_9/21/2018,0.0005082797490920169
cat__purchase_history_02-03-2022,0.0004761096805084415
cat__purchase_history_1/17/2022,0.00047532916045798476
cat__purchase_history_10/16/2019,0.0004654770460625145
cat__purchase_history_5/24/2020,0.00045280735713478936
cat__purchase_history_2/13/2022,0.0004467632270903657
cat__purchase_history_2/22/2022,0.00044344846375054213
cat__purchase_history_1/13/2022,0.0004432347059278576
cat__purchase_history_1/24/2023,0.0004418989402504156
cat__purchase_history_3/24/2018,0.00044031783633149925
cat__purchase_history_12-12-2020,0.00043807127293974475
cat__purchase_history_7/22/2023,0.00043425601546362463
cat__purchase_history_12-02-2018,0.0004323462393347785
cat__purchase_history_02-02-2019,0.00043033747608838186
cat__purchase_history_8/27/2019,0.0004279996974865787
cat__purchase_history_05-05-2018,0.00042457007691212867
cat__purchase_history_5/15/2022,0.0004203852943606843
cat__purchase_history_11/14/2021,0.0004164431830197623
cat__purchase_history_01-10-2023,0.00041613668387531825
cat__purchase_history_03-11-2022,0.0003981506465483041
cat__purchase_history_6/23/2021,0.00039792742325878134
cat__purchase_history_11/28/2023,0.0003975658412079578
cat__purchase_history_2/18/2020,0.00039460170048025004
cat__purchase_history_09-09-2021,0.00039351742187886774
cat__purchase_history_1/15/2022,0.00039213974942533083
cat__purchase_history_9/20/2021,0.0003894548956424041
cat__purchase_history_4/17/2023,0.0003891922966603999
cat__purchase_history_3/22/2019,0.00038485875663240313
cat__purchase_history_11/17/2020,0.00037868039483093065
cat__purchase_history_12-05-2019,0.00037348176160813913
cat__purchase_history_05-10-2022,0.00036855107231929584
cat__purchase_history_2/20/2018,0.0003664209663871367
cat__purchase_history_12/14/2019,0.0003648974901446078
cat__purchase_history_12/14/2021,0.0003621506720641424
cat__purchase_history_7/16/2019,0.0003610942880277474
cat__purchase_history_10/18/2022,0.00036066063623634535
cat__purchase_history_10/18/2023,0.0003540475469108504
cat__purchase_history_08-03-2021,0.00034999343680416076
cat__purchase_history_09-12-2021,0.00034987580060420607
cat__purchase_history_7/17/2023,0.00034985033807981194
cat__purchase_history_7/21/2021,0.0003426196105563412
cat__purchase_history_08-01-2023,0.00034174015831088344
cat__purchase_history_01-06-2019,0.00034161480067131474
cat__purchase_history_05-04-2023,0.00034103486681581334
cat__purchase_history_07-09-2022,0.0003404683958065154
cat__purchase_history_12-07-2020,0.00034027232643553493
cat__purchase_history_11/20/2019,0.00033811936663012454
cat__purchase_history_7/28/2022,0.0003370018920802862
cat__purchase_history_3/13/2023,0.0003368770396633976
cat__purchase_history_01-11-2019,0.00033680614502488683
cat__purchase_history_09-11-2019,0.0003362465288500898
cat__purchase_history_7/23/2020,0.0003342250437634889
cat__purchase_history_07-07-2018,0.00033397652512695656
cat__purchase_history_8/28/2019,0.00033367428107549735
cat__purchase_history_3/27/2022,0.00033333317713919687
cat__purchase_history_2/27/2021,0.00033242628749529876
cat__purchase_history_10/24/2018,0.00033075456523020894
cat__purchase_history_09-05-2023,0.00033045832644698603
cat__purchase_history_11/28/2019,0.00033043739018707053
cat__purchase_history_12/27/2023,0.0003294856308962801
cat__purchase_history_4/15/2021,0.00032893511194619616
cat__purchase_history_01-06-2020,0.0003285266747422759
cat__purchase_history_05-02-2020,0.0003284748125950508
cat__purchase_history_9/27/2022,0.0003284039980286994
cat__purchase_history_10/19/2023,0.0003283641300810721
cat__purchase_history_09-06-2023,0.00032653339371325194
cat__purchase_history_03-07-2020,0.00032633987861378837
cat__purchase_history_12-07-2021,0.0003258212221207196
cat__purchase_history_4/14/2020,0.00032454828060799563
cat__purchase_history_12/18/2022,0.0003243034569873325
cat__purchase_history_4/19/2021,0.0003235915882890652
cat__purchase_history_6/18/2022,0.0003229921291204581
cat__purchase_history_5/26/2018,0.0003225907090840866
cat__purchase_history_7/28/2021,0.00031921553271944096
cat__purchase_history_10/14/2020,0.0003182090428102465
cat__purchase_history_8/18/2020,0.0003177205793357707
cat__purchase_history_5/21/2023,0.0003156045224185486
cat__purchase_history_6/18/2020,0.0003151876488143179
cat__purchase_history_11-01-2020,0.00031495430594096597
cat__purchase_history_3/22/2018,0.00031488704383290196
cat__purchase_history_12/14/2018,0.00031417494492424586
cat__purchase_history_7/22/2020,0.000312631448053741
cat__purchase_history_04-06-2022,0.00031095450920520616
cat__purchase_history_12-10-2023,0.0003107337771993774
cat__purchase_history_3/14/2023,0.000309958334352038
cat__purchase_history_6/22/2022,0.0003099497837217312
cat__purchase_history_03-08-2019,0.0003098974138852531
cat__purchase_history_09-04-2020,0.00030768539202490693
cat__purchase_history_03-08-2023,0.00030656684070990326
cat__purchase_history_8/21/2019,0.0003065380907437583
cat__purchase_history_5/21/2021,0.00030564887590095284
cat__purchase_history_2/18/2021,0.000304135110083514
cat__purchase_history_09-11-2022,0.00030291823246780103
cat__purchase_history_11-05-2022,0.00030194316397494174
cat__purchase_history_07-10-2018,0.00030012874803892283
cat__purchase_history_04-07-2021,0.00030003922217741193
cat__purchase_history_12/24/2019,0.00029828187093876833
cat__purchase_history_09-10-2022,0.0002976551567438594
cat__purchase_history_6/25/2023,0.0002976290265576254
cat__purchase_history_10/21/2019,0.0002973458202008842
cat__purchase_history_05-06-2022,0.0002964970561841907
cat__purchase_history_4/17/2022,0.0002960171718845273
cat__purchase_history_09-12-2022,0.00029586716917990897
cat__purchase_history_9/22/2020,0.0002955262329917434
cat__purchase_history_8/21/2023,0.000295390296880264
cat__purchase_history_5/19/2018,0.00029513810424563433
cat__purchase_history_6/28/2020,0.0002936980581620811
cat__purchase_history_04-09-2022,0.00029368467197899204
cat__purchase_history_9/19/2022,0.00029342637332138477
cat__purchase_history_02-05-2019,0.0002934226444967216
cat__purchase_history_4/25/2021,0.0002928589761323802
cat__purchase_history_06-02-2022,0.0002923100578507508
cat__purchase_history_10-09-2022,0.0002897797541581666
cat__purchase_history_06-07-2019,0.0002896813823759964
cat__purchase_history_10/26/2020,0.00028929918554719894
cat__purchase_history_9/20/2022,0.0002883713826155355
cat__purchase_history_1/16/2021,0.00028731110742880413
cat__purchase_history_5/24/2018,0.0002864595754381322
cat__purchase_history_5/18/2021,0.00028564759211379185
cat__purchase_history_7/15/2023,0.00028467982563313475
cat__purchase_history_06-11-2019,0.0002845746650714006
cat__purchase_history_05-10-2020,0.0002839919518806075
cat__purchase_history_11-11-2021,0.0002839317402479641
cat__purchase_history_10-01-2021,0.0002836716666740697
cat__purchase_history_7/19/2023,0.0002829885753571319
cat__purchase_history_12/15/2020,0.0002828409098302717
cat__purchase_history_4/24/2022,0.00028271853585859865
cat__purchase_history_10-11-2019,0.00028153452586790164
cat__purchase_history_03-04-2023,0.00028134846129666905
cat__purchase_history_6/22/2018,0.0002810508832925175
cat__purchase_history_11/14/2019,0.00028052755735883577
cat__purchase_history_08-08-2022,0.0002801175381567002
cat__purchase_history_05-09-2018,0.00027990030245920484
cat__purchase_history_11-07-2020,0.0002797837159610905
cat__purchase_history_02-04-2020,0.00027947284921702733
cat__purchase_history_4/26/2020,0.00027884542393386225
cat__purchase_history_2/17/2022,0.00027829896939794165
cat__purchase_history_07-09-2023,0.00027817493450503586
cat__purchase_history_5/20/2021,0.00027805364112152284
cat__purchase_history_10-10-2020,0.0002779832607668805
cat__purchase_history_06-12-2019,0.00027672825995959016
cat__purchase_history_05-02-2022,0.0002763755987503049
cat__purchase_history_7/14/2020,0.00027629362451590534
cat__purchase_history_7/26/2018,0.0002762211257037026
cat__purchase_history_9/14/2021,0.00027556592340497756
cat__purchase_history_8/24/2023,0.00027533608815013134
cat__purchase_history_9/27/2023,0.0002751253685342988
cat__purchase_history_07-11-2018,0.00027476246025115274
cat__purchase_history_6/27/2019,0.0002741611100370364
cat__purchase_history_01-05-2023,0.00027383148335345626
cat__purchase_history_10/20/2019,0.0002733832422194779
cat__purchase_history_02-08-2021,0.0002726236890375819
cat__purchase_history_10-09-2019,0.0002723554427997406
cat__purchase_history_7/19/2021,0.00027216028264527987
cat__purchase_history_3/21/2019,0.00027162257775092475
cat__purchase_history_4/21/2023,0.000271084746781677
cat__purchase_history_7/25/2020,0.00027086878508877595
cat__purchase_history_10/15/2021,0.0002706944185524985
cat__purchase_history_4/25/2019,0.00027058346318797514
cat__purchase_history_2/15/2019,0.0002704688248420415
cat__purchase_history_10/26/2018,0.0002697883986292074
cat__purchase_history_10/27/2019,0.00026868582611862767
cat__purchase_history_1/23/2018,0.0002686454936070697
cat__purchase_history_6/24/2023,0.0002685433680487417
cat__purchase_history_8/25/2018,0.00026650621859274873
cat__purchase_history_4/17/2018,0.00026630680612754244
cat__purchase_history_10/15/2022,0.0002661407162526157
cat__purchase_history_9/27/2020,0.0002660705679620863
cat__purchase_history_02-02-2022,0.00026582780071528
cat__purchase_history_1/27/2018,0.00026561089947128294
cat__purchase_history_12-11-2018,0.00026327461762673505
cat__purchase_history_3/28/2023,0.0002632712137215269
cat__purchase_history_7/20/2023,0.0002632311833704171
cat__purchase_history_02-10-2021,0.0002627888711791225
cat__purchase_history_8/19/2023,0.00026262038507852183
cat__purchase_history_06-01-2022,0.0002625361743481867
cat__purchase_history_10-02-2018,0.0002625354984858682
cat__purchase_history_03-11-2023,0.00026166212579303773
cat__purchase_history_8/18/2018,0.0002616176316929252
cat__purchase_history_03-06-2023,0.00026138530004133514
cat__purchase_history_12/22/2020,0.00026099481177820576
cat__purchase_history_09-06-2019,0.0002606227135975629
cat__purchase_history_03-02-2023,0.00026041281060538296
cat__purchase_history_5/23/2019,0.0002601411027781052
cat__purchase_history_11/19/2022,0.00026001484587913793
cat__purchase_history_02-06-2020,0.0002597179706310117
cat__purchase_history_05-11-2020,0.00025967556187658493
cat__purchase_history_07-03-2019,0.00025926758297503173
cat__purchase_history_9/25/2022,0.00025838780561876197
cat__purchase_history_12/13/2019,0.0002581982131384636
cat__purchase_history_07-05-2020,0.00025813488372212264
cat__purchase_history_5/28/2019,0.0002580525135020259
cat__purchase_history_11/15/2019,0.00025785542781385344
cat__purchase_history_3/14/2021,0.0002571240962641507
cat__purchase_history_2/21/2022,0.00025685841260870876
cat__purchase_history_12/24/2018,0.00025681456322671837
cat__purchase_history_1/14/2021,0.00025607219721954694
cat__purchase_history_12-04-2021,0.00025605271521585696
cat__purchase_history_01-01-2021,0.000255893274526811
cat__purchase_history_10-06-2021,0.00025533489871252445
cat__purchase_history_12-08-2018,0.00025524152893956193
cat__purchase_history_09-02-2022,0.00025492327128377696
cat__purchase_history_6/14/2023,0.000254909932009187
cat__purchase_history_7/13/2022,0.00025397818215640837
cat__purchase_history_02-08-2020,0.000253792905816154
cat__purchase_history_6/16/2023,0.0002535720744661042
cat__purchase_history_02-03-2023,0.0002529278046809818
cat__purchase_history_8/24/2022,0.0002529238884475081
cat__purchase_history_12-09-2019,0.00025231800420666406
cat__purchase_history_04-10-2018,0.0002516214419114973
cat__purchase_history_9/17/2020,0.00025138752733723453
cat__purchase_history_12-08-2022,0.0002513788610587086
cat__purchase_history_12-07-2022,0.00025087060528018734
cat__purchase_history_4/18/2019,0.00025086348456013614
cat__purchase_history_6/28/2022,0.0002506380031074655
cat__purchase_history_3/25/2021,0.0002504968476794734
cat__purchase_history_12/21/2022,0.00025024564335372334
cat__purchase_history_2/16/2020,0.0002501548064096568
cat__purchase_history_3/13/2021,0.0002501282546687075
cat__purchase_history_11/21/2020,0.00024976653174590605
cat__purchase_history_10-08-2022,0.00024954969154257115
cat__purchase_history_08-01-2020,0.00024954789470467566
cat__purchase_history_11/23/2020,0.000249407320074907
cat__purchase_history_01-06-2018,0.00024932844928327513
cat__purchase_history_2/25/2022,0.00024923714353875816
cat__purchase_history_08-11-2019,0.00024887839425050747
cat__purchase_history_6/23/2018,0.000248428543956224
cat__purchase_history_02-02-2018,0.00024838381148680947
cat__purchase_history_01-07-2021,0.00024833910532074695
cat__purchase_history_11-08-2018,0.0002482547955337485
cat__purchase_history_11/21/2021,0.00024733778657894557
cat__purchase_history_08-07-2018,0.0002471450998126614
cat__purchase_history_10-01-2018,0.00024650038310885803
cat__purchase_history_9/19/2019,0.0002464642940238592
cat__purchase_history_11-07-2019,0.0002462726438406598
cat__purchase_history_04-04-2022,0.00024589398762323386
cat__purchase_history_3/23/2021,0.0002456025300848017
cat__purchase_history_01-07-2020,0.00024558288131517345
cat__purchase_history_11/16/2018,0.00024541754311305203
cat__purchase_history_10-01-2020,0.00024526565068368856
cat__purchase_history_6/23/2019,0.00024508942558869724
cat__purchase_history_1/27/2019,0.0002450132595118347
cat__purchase_history_7/21/2023,0.000244870612292036
cat__purchase_history_03-06-2020,0.0002448512883454016
cat__purchase_history_10/21/2023,0.000244581972584128
cat__purchase_history_5/25/2022,0.0002442875054006956
cat__purchase_history_09-10-2023,0.000244240226218922
cat__purchase_history_05-10-2018,0.00024406164930080516
cat__purchase_history_02-03-2018,0.00024393975727713915
cat__purchase_history_11-12-2023,0.00024375643607067073
cat__purchase_history_12-10-2020,0.00024339956812816874
cat__purchase_history_07-01-2018,0.0002433028894108482
cat__purchase_history_3/22/2023,0.0002428021891237605
cat__purchase_history_10-02-2021,0.00024268825894476926
cat__purchase_history_12/22/2018,0.00024170658676804903
cat__purchase_history_04-04-2021,0.00024095893511895538
cat__purchase_history_12-11-2021,0.00024093669185474951
cat__purchase_history_10/24/2020,0.0002404929803436583
cat__purchase_history_12-05-2020,0.00023994701706369926
cat__purchase_history_4/14/2019,0.0002391745065422463
cat__purchase_history_7/22/2018,0.00023851804629839454
cat__purchase_history_06-06-2020,0.00023845996333648215
cat__purchase_history_4/28/2019,0.0002377029848426012
cat__purchase_history_4/27/2023,0.0002369828671922371
cat__purchase_history_12-04-2020,0.00023626016157319327
cat__purchase_history_06-10-2019,0.00023611864818487768
cat__purchase_history_03-01-2022,0.00023584786973693825
cat__purchase_history_1/28/2018,0.00023575895038439895
cat__purchase_history_06-02-2018,0.00023572785418860768
cat__purchase_history_4/17/2019,0.00023520640049723733
cat__purchase_history_08-02-2018,0.0002349171515911582
cat__purchase_history_05-02-2021,0.0002347500331794405
cat__purchase_history_11-02-2020,0.0002343984001275002
cat__purchase_history_9/19/2018,0.00023408697108951863
cat__purchase_history_07-01-2020,0.00023361527403317265
cat__purchase_history_5/27/2018,0.00023348317003084678
cat__purchase_history_9/14/2020,0.00023318969512699857
cat__purchase_history_03-07-2019,0.00023303729552709472
cat__purchase_history_9/20/2023,0.00023285262965993018
cat__purchase_history_04-05-2022,0.0002327247472139212
cat__purchase_history_12-12-2021,0.00023251027349647962
cat__purchase_history_1/13/2021,0.0002324610130510934
cat__purchase_history_5/13/2021,0.0002324591899182202
cat__purchase_history_06-07-2020,0.00023190039178367684
cat__purchase_history_6/21/2023,0.0002314748423090239
cat__purchase_history_11/24/2021,0.00023126820089430878
cat__purchase_history_11/18/2022,0.0002311900560400012
cat__purchase_history_10-07-2018,0.00023116958142275763
cat__purchase_history_11/19/2018,0.0002302996055051458
cat__purchase_history_2/13/2020,0.00022995566652810983
cat__purchase_history_2/16/2018,0.0002298096863725499
cat__purchase_history_09-12-2019,0.00022932313836739558
cat__purchase_history_9/28/2020,0.00022922008337418118
cat__purchase_history_9/14/2022,0.0002291663977875621
cat__purchase_history_5/22/2023,0.00022914638011217105
cat__purchase_history_1/22/2019,0.00022901225229543997
cat__purchase_history_8/20/2023,0.00022894509421640284
cat__purchase_history_10/14/2023,0.00022886966405432786
cat__purchase_history_1/21/2018,0.00022875203148547003
cat__purchase_history_02-10-2019,0.00022817112941656077
cat__purchase_history_1/25/2022,0.0002279668807844654
cat__purchase_history_10/21/2018,0.00022793740161450543
cat__purchase_history_05-09-2021,0.00022774465919152157
cat__purchase_history_1/15/2023,0.0002277102288929908
cat__purchase_history_01-03-2020,0.0002277078748833956
cat__purchase_history_12-10-2021,0.00022759617550324778
cat__purchase_history_11-08-2020,0.0002274513146097084
cat__purchase_history_12/24/2022,0.00022719622366287724
cat__purchase_history_2/14/2018,0.0002270757404590037
cat__purchase_history_04-02-2019,0.00022698888368463075
cat__purchase_history_1/20/2022,0.00022694204782804726
cat__purchase_history_12/28/2018,0.0002269161080801434
cat__purchase_history_06-08-2023,0.00022659672954394394
cat__purchase_history_7/26/2021,0.0002265564267660045
cat__purchase_history_01-10-2018,0.00022638367859113172
cat__purchase_history_08-01-2018,0.0002262325235272556
cat__purchase_history_03-12-2020,0.0002260336391187224
cat__purchase_history_07-09-2020,0.00022600207565929477
cat__purchase_history_01-08-2020,0.00022575254246371936
cat__purchase_history_11/18/2019,0.00022544316089166883
cat__purchase_history_9/18/2018,0.00022540725020821578
cat__purchase_history_04-09-2023,0.00022534353424627165
cat__purchase_history_10/18/2019,0.0002253129373907118
cat__purchase_history_12/13/2020,0.00022473152642014764
cat__purchase_history_12/13/2018,0.00022439991063889
cat__purchase_history_5/24/2021,0.00022422804867760403
cat__purchase_history_07-04-2018,0.00022389873015341534
cat__purchase_history_12-07-2019,0.00022367037549579662
cat__purchase_history_11/26/2021,0.00022357306772008076
cat__purchase_history_07-08-2023,0.000222997026151662
cat__purchase_history_06-02-2019,0.00022203795826923717
cat__purchase_history_01-04-2019,0.00022170993826090102
cat__purchase_history_11/27/2018,0.0002216443760401
cat__purchase_history_11-10-2022,0.00022119074674422889
cat__purchase_history_10/26/2021,0.00022058820610571127
cat__purchase_history_09-10-2019,0.0002205187693282243
cat__purchase_history_12/17/2022,0.00022015780641785246
cat__purchase_history_10-09-2021,0.0002198398496085609
cat__purchase_history_09-05-2019,0.00021980230131406735
cat__purchase_history_02-12-2018,0.0002197645832325288
cat__purchase_history_04-02-2022,0.0002196576994143596
cat__purchase_history_12/21/2018,0.00021938713253586345
cat__purchase_history_2/24/2018,0.00021898506115680834
cat__purchase_history_07-07-2019,0.00021888250334630888
cat__purchase_history_8/24/2021,0.00021877928551496174
cat__purchase_history_1/14/2023,0.00021864199403200227
cat__purchase_history_3/28/2018,0.00021855689916574933
cat__purchase_history_12/21/2020,0.00021843714893630026
cat__purchase_history_9/16/2022,0.0002183679472172437
cat__purchase_history_12-03-2023,0.00021770917691301246
cat__purchase_history_2/27/2020,0.0002174806102757012
cat__purchase_history_9/26/2022,0.00021731452286618435
cat__purchase_history_5/14/2021,0.0002172940011058128
cat__purchase_history_06-02-2021,0.00021702014477386085
cat__purchase_history_3/17/2022,0.0002169453535643378
cat__purchase_history_01-02-2022,0.0002169355862605159
cat__purchase_history_11-02-2022,0.00021683559622379846
cat__purchase_history_11-01-2023,0.0002168270736239971
cat__purchase_history_01-12-2018,0.00021682252818551703
cat__purchase_history_06-11-2021,0.0002166749984053099
cat__purchase_history_3/17/2023,0.00021657547012325108
cat__purchase_history_11-08-2021,0.0002162094137079563
cat__purchase_history_1/24/2018,0.0002159862150993467
cat__purchase_history_7/13/2021,0.00021584902864652932
cat__purchase_history_3/23/2020,0.00021580199294272942
cat__purchase_history_10-05-2021,0.00021565306741719542
cat__purchase_history_08-09-2023,0.0002156293446204492
cat__purchase_history_5/16/2022,0.00021548054896368895
cat__purchase_history_8/15/2018,0.0002146842713043353
cat__purchase_history_1/28/2023,0.0002145642086154235
cat__purchase_history_11-08-2022,0.000214302983618642
cat__purchase_history_2/16/2019,0.00021425897582084754
cat__purchase_history_5/27/2023,0.0002139847210942498
cat__purchase_history_4/25/2020,0.00021372680155366304
cat__purchase_history_7/23/2022,0.00021369491063655074
cat__purchase_history_7/24/2020,0.00021368925652993033
cat__purchase_history_12/19/2020,0.00021292790626881703
cat__purchase_history_12/15/2023,0.00021278857586650457
cat__purchase_history_12/13/2021,0.0002124778496080154
cat__purchase_history_06-11-2018,0.0002124463805206007
cat__purchase_history_05-10-2019,0.00021237781918434574
cat__purchase_history_10/17/2020,0.0002121683840758968
cat__purchase_history_10-07-2020,0.00021212533132547557
cat__purchase_history_5/26/2022,0.00021210293269590167
cat__purchase_history_3/16/2020,0.0002120705495042949
cat__purchase_history_9/21/2023,0.00021200350722464715
cat__purchase_history_10-03-2023,0.00021192614938241207
cat__purchase_history_1/24/2020,0.00021184221834530062
cat__purchase_history_04-12-2021,0.00021181024772316776
cat__purchase_history_11-05-2023,0.00021173110828512045
cat__purchase_history_01-04-2020,0.0002116460022882949
cat__purchase_history_3/25/2022,0.0002113668226968607
cat__purchase_history_11/15/2022,0.00021111441299993545
cat__purchase_history_08-02-2020,0.00021100848652760295
cat__purchase_history_11-01-2022,0.0002109976330091959
cat__purchase_history_11-03-2020,0.00021088011416479455
cat__purchase_history_10-10-2022,0.00021085021806242738
cat__purchase_history_11/21/2019,0.0002106662501940329
cat__purchase_history_01-06-2022,0.0002103441785816705
cat__purchase_history_10/26/2019,0.0002094639010937294
cat__purchase_history_04-03-2023,0.0002093510960054144
cat__purchase_history_1/14/2020,0.00020919107163728214
cat__purchase_history_2/28/2022,0.00020899288670631367
cat__purchase_history_10/15/2023,0.00020882923139358084
cat__purchase_history_08-10-2018,0.0002087254001893477
cat__purchase_history_06-02-2020,0.00020835454975445637
cat__purchase_history_12/25/2018,0.0002080945403571212
cat__purchase_history_08-11-2021,0.00020805594822868498
cat__purchase_history_1/25/2021,0.00020803099007968284
cat__purchase_history_11/28/2020,0.0002075999356876735
cat__purchase_history_11-06-2020,0.00020729757705731174
cat__purchase_history_09-06-2018,0.00020696031763172868
cat__purchase_history_6/25/2020,0.00020662803349340614
cat__purchase_history_05-12-2021,0.00020652721169975904
cat__purchase_history_08-05-2019,0.0002064466946844255
cat__purchase_history_2/25/2018,0.00020642353608188885
cat__purchase_history_1/26/2021,0.00020599020650834878
cat__purchase_history_1/26/2018,0.00020585621283532115
cat__purchase_history_12/16/2020,0.00020584678950905861
cat__purchase_history_1/20/2023,0.00020583120000537038
cat__purchase_history_6/13/2020,0.00020577432946655285
cat__purchase_history_10/28/2019,0.00020569227173643183
cat__purchase_history_04-06-2018,0.00020565229274250958
cat__purchase_history_11-07-2022,0.0002056455487966489
cat__purchase_history_4/27/2020,0.000205441442324368
cat__purchase_history_04-12-2020,0.0002053558430338472
cat__purchase_history_07-03-2020,0.0002051466162610195
cat__purchase_history_2/28/2019,0.00020505799141627042
cat__purchase_history_02-01-2021,0.00020491537601593238
cat__purchase_history_2/28/2023,0.00020472773260443762
cat__purchase_history_10-09-2020,0.00020468364760041027
cat__purchase_history_6/17/2023,0.00020461266356201934
cat__purchase_history_4/13/2021,0.0002045232077627351
cat__purchase_history_3/17/2019,0.00020447328962820924
cat__purchase_history_5/27/2022,0.0002044606508937044
cat__purchase_history_5/20/2023,0.00020441660155608578
cat__purchase_history_11/14/2023,0.00020429969652648985
cat__purchase_history_3/18/2021,0.00020425036706160648
cat__purchase_history_02-11-2022,0.00020384047305811316
cat__purchase_history_04-08-2020,0.00020378418123249013
cat__purchase_history_06-08-2019,0.0002036626173485081
cat__purchase_history_11-10-2023,0.00020335569250371744
cat__purchase_history_12-05-2022,0.0002033076550468657
cat__purchase_history_3/19/2021,0.00020315885004272812
cat__purchase_history_7/18/2021,0.00020304265233079446
cat__purchase_history_9/28/2023,0.00020292489193810828
cat__purchase_history_4/19/2020,0.00020239299559211398
cat__purchase_history_1/24/2019,0.0002023463453642066
cat__purchase_history_02-09-2021,0.0002019643789608479
cat__purchase_history_12/24/2023,0.00020187292366470412
cat__purchase_history_08-08-2018,0.00020166961654716773
cat__purchase_history_5/17/2022,0.00020165664989953817
cat__purchase_history_3/24/2021,0.00020146959655869146
cat__purchase_history_06-06-2023,0.00020143033626229468
cat__purchase_history_07-04-2022,0.00020125747874213314
cat__purchase_history_05-01-2018,0.0002010844236254738
cat__purchase_history_01-01-2019,0.00020100482837275623
cat__purchase_history_07-11-2023,0.00020098130412156678
cat__purchase_history_04-10-2019,0.00020097179657160564
cat__purchase_history_9/19/2023,0.00020080557684335197
cat__purchase_history_11-04-2023,0.00020068839321193903
cat__purchase_history_03-06-2022,0.00020060040840930277
cat__purchase_history_09-02-2018,0.00020044618451384651
cat__purchase_history_09-12-2020,0.00020044340891828762
cat__purchase_history_8/15/2020,0.00020023989662045248
cat__purchase_history_7/25/2022,0.00020011546090576015
cat__purchase_history_07-01-2023,0.0002000637743006578
cat__purchase_history_9/24/2018,0.00019957979606188147
cat__purchase_history_4/18/2021,0.00019951848010206792
cat__purchase_history_07-06-2020,0.00019948731521360992
cat__purchase_history_11/23/2019,0.0001993507058618215
cat__purchase_history_8/26/2020,0.00019924512372702423
cat__purchase_history_9/23/2022,0.00019924199756928001
cat__purchase_history_7/17/2020,0.00019920967431974658
cat__purchase_history_12/20/2021,0.00019863850319163648
cat__purchase_history_10/17/2019,0.00019835554386059737
cat__purchase_history_02-08-2022,0.0001982880557713516
cat__purchase_history_6/27/2023,0.00019814548512841552
cat__purchase_history_07-08-2020,0.00019798264680246833
cat__purchase_history_10/28/2018,0.00019771355795059317
cat__purchase_history_1/18/2018,0.00019763594094086427
cat__purchase_history_03-04-2020,0.00019744043933331268
cat__purchase_history_02-08-2018,0.00019709623133975002
cat__purchase_history_11-06-2022,0.0001969793231262275
cat__purchase_history_08-12-2023,0.00019688731355149466
cat__purchase_history_10/27/2020,0.00019679206017169745
cat__purchase_history_1/20/2020,0.00019670544512871775
cat__purchase_history_3/24/2022,0.0001966179790225014
cat__purchase_history_10-02-2019,0.00019624761225564623
cat__purchase_history_11-05-2019,0.00019603462756737216
cat__purchase_history_1/18/2023,0.00019596017173373502
cat__purchase_history_10-08-2023,0.00019589743795575976
cat__purchase_history_10-12-2023,0.0001958845551244807
cat__purchase_history_4/27/2019,0.00019580155730415544
cat__purchase_history_03-03-2022,0.00019555326698728593
cat__purchase_history_05-05-2019,0.00019531263985425807
cat__purchase_history_06-05-2019,0.00019497026571796135
cat__purchase_history_8/28/2020,0.00019458113418648903
cat__purchase_history_11/25/2019,0.00019449480178105293
cat__purchase_history_11/22/2023,0.00019416129299429502
cat__purchase_history_7/19/2019,0.00019406448427794625
cat__purchase_history_7/27/2021,0.00019366307928256468
cat__purchase_history_5/25/2021,0.00019358965336332154
cat__purchase_history_05-06-2020,0.00019353668702145506
cat__purchase_history_6/28/2021,0.00019348868220916095
cat__purchase_history_4/23/2020,0.00019317828817274027
cat__purchase_history_8/15/2021,0.00019267277690020561
cat__purchase_history_12-09-2020,0.0001920500252595441
cat__purchase_history_09-02-2019,0.00019189004133018857
cat__purchase_history_02-01-2023,0.0001918831585660359
cat__purchase_history_9/16/2023,0.00019186074520555048
cat__purchase_history_05-05-2023,0.00019177347024254573
cat__purchase_history_11-03-2022,0.00019136628253147594
cat__purchase_history_7/27/2022,0.00019133712619843804
cat__purchase_history_02-02-2020,0.00019122682755285165
cat__purchase_history_11/20/2020,0.0001911016366657829
cat__purchase_history_8/23/2019,0.00019108464876309763
cat__purchase_history_07-07-2022,0.00019094759135976084
cat__purchase_history_06-07-2018,0.00019080668960175159
cat__purchase_history_1/20/2018,0.0001908047834199626
cat__purchase_history_4/19/2019,0.00019057566126950523
cat__purchase_history_3/13/2019,0.00018997503847556924
cat__purchase_history_8/17/2020,0.00018986401185305417
cat__purchase_history_07-12-2019,0.00018970974513396683
cat__purchase_history_03-08-2021,0.00018964610440249096
cat__purchase_history_11/26/2022,0.00018959688252962828
cat__purchase_history_9/13/2021,0.00018958811724241483
cat__purchase_history_8/14/2020,0.00018946831888287996
cat__purchase_history_07-08-2021,0.00018944664156137078
cat__purchase_history_12/28/2022,0.0001893256646306385
cat__purchase_history_1/28/2022,0.0001893000117218992
cat__purchase_history_04-03-2019,0.0001886686197273179
cat__purchase_history_04-12-2019,0.00018866330925383797
cat__purchase_history_10-06-2023,0.00018857879311990288
cat__purchase_history_5/22/2020,0.00018802104612438897
cat__purchase_history_12/21/2021,0.0001878847518742078
cat__purchase_history_9/25/2019,0.0001874669047283809
cat__purchase_history_3/25/2018,0.00018739391936149283
cat__purchase_history_3/15/2023,0.0001871813522880319
cat__purchase_history_11-06-2021,0.00018714435182465977
cat__purchase_history_4/22/2021,0.0001867691289700323
cat__purchase_history_11-03-2021,0.00018642777329456724
cat__purchase_history_7/13/2020,0.00018638715479827773
cat__purchase_history_5/23/2021,0.00018624872288924813
cat__purchase_history_1/15/2018,0.0001861007399665339
cat__purchase_history_03-07-2018,0.0001859557851967124
cat__purchase_history_2/24/2021,0.00018555237840771772
cat__purchase_history_8/26/2023,0.00018553082922533748
cat__purchase_history_4/15/2018,0.00018551439691905149
cat__purchase_history_4/18/2023,0.00018546960218065615
cat__purchase_history_5/27/2021,0.00018510425282851193
cat__purchase_history_6/20/2021,0.0001850807583064494
cat__purchase_history_10-07-2022,0.00018500494187114304
cat__purchase_history_09-07-2018,0.00018499007279923921
cat__purchase_history_12/26/2019,0.00018481263560263082
cat__purchase_history_11/27/2021,0.00018459264950478597
cat__purchase_history_01-09-2023,0.00018458524779043313
cat__purchase_history_10/18/2018,0.00018458346180934594
cat__purchase_history_4/22/2020,0.00018442389426341846
cat__purchase_history_5/25/2019,0.00018417711526349314
cat__purchase_history_4/20/2019,0.00018395364064498698
cat__purchase_history_9/23/2023,0.0001837909573870931
cat__purchase_history_01-07-2018,0.00018376307231098457
cat__purchase_history_8/16/2022,0.00018370217549991264
cat__purchase_history_06-04-2018,0.00018357314809799776
cat__purchase_history_4/17/2021,0.0001835124091048378
cat__purchase_history_11/16/2019,0.00018340602040421426
cat__purchase_history_9/17/2022,0.00018290665288875265
cat__purchase_history_03-10-2022,0.00018261653779628854
cat__purchase_history_06-06-2022,0.00018255133316361045
cat__purchase_history_1/16/2020,0.00018249458115120152
cat__purchase_history_3/28/2020,0.0001820407508600407
cat__purchase_history_02-11-2019,0.00018203171483929486
cat__purchase_history_2/19/2021,0.00018200059086267417
cat__purchase_history_3/24/2020,0.000181916429258736
cat__purchase_history_12-09-2022,0.00018182487495264479
cat__purchase_history_05-09-2022,0.00018170078645832324
cat__purchase_history_12/23/2021,0.00018147695743490823
cat__purchase_history_4/26/2023,0.00018147528242234965
cat__purchase_history_12-12-2019,0.00018137070733191757
cat__purchase_history_10-07-2021,0.00018092573084666362
cat__purchase_history_4/21/2018,0.00018075755051732192
cat__purchase_history_12/24/2020,0.00018062964244751413
cat__purchase_history_2/14/2020,0.00018045155533043944
cat__purchase_history_4/20/2021,0.00018022609056428054
cat__purchase_history_12/17/2023,0.00018008625537512825
cat__purchase_history_7/23/2023,0.0001796291706896641
cat__purchase_history_7/24/2018,0.0001795984806252667
cat__purchase_history_11/25/2022,0.00017959751250575844
cat__purchase_history_6/18/2019,0.00017952144373470792
cat__purchase_history_7/14/2021,0.000179307008140939
cat__purchase_history_06-12-2021,0.00017924580414050125
cat__purchase_history_11-07-2023,0.000179031314848171
cat__purchase_history_02-03-2021,0.0001790281485618548
cat__purchase_history_07-12-2021,0.0001786058393833634
cat__purchase_history_05-04-2022,0.00017855692546713252
cat__purchase_history_6/20/2022,0.00017846633721630293
cat__purchase_history_10/16/2022,0.00017842554953329803
cat__purchase_history_11/22/2020,0.00017830237917424027
cat__purchase_history_9/13/2020,0.00017820828936089764
cat__purchase_history_11/24/2020,0.0001781814638845907
cat__purchase_history_2/24/2019,0.00017799007691330848
cat__purchase_history_5/22/2021,0.00017798636121786268
cat__purchase_history_8/23/2021,0.00017795071346853614
cat__purchase_history_03-10-2018,0.0001778864149972323
cat__purchase_history_05-01-2019,0.00017787530344399273
cat__purchase_history_05-01-2022,0.00017787042737968693
cat__purchase_history_10-04-2020,0.00017775584743434954
cat__purchase_history_02-07-2021,0.00017762844084881198
cat__purchase_history_12/23/2020,0.00017745884763817988
cat__purchase_history_8/22/2020,0.0001770656357903361
cat__purchase_history_8/14/2023,0.00017703252145652852
cat__purchase_history_10-06-2019,0.0001769921635806703
cat__purchase_history_03-02-2021,0.000176818141824234
cat__purchase_history_8/16/2021,0.00017636800823052606
cat__purchase_history_8/25/2023,0.0001762419423591788
cat__purchase_history_5/13/2022,0.00017606908928932935
cat__purchase_history_2/28/2021,0.00017604129884174412
cat__purchase_history_03-08-2022,0.00017586919753232298
cat__purchase_history_5/18/2019,0.0001758485291083392
cat__purchase_history_10/16/2023,0.0001757705555353737
cat__purchase_history_11-11-2023,0.00017576808172321115
cat__purchase_history_07-01-2022,0.00017547211020886458
cat__purchase_history_3/23/2018,0.0001754676556915799
cat__purchase_history_04-04-2018,0.00017515898097480661
cat__purchase_history_3/15/2019,0.00017504349839182585
cat__purchase_history_12/17/2019,0.00017503254255836438
cat__purchase_history_09-12-2023,0.0001749551869681859
cat__purchase_history_2/20/2023,0.00017485894017056958
cat__purchase_history_10/22/2023,0.00017468503326571876
cat__purchase_history_01-11-2021,0.00017422405495201546
cat__purchase_history_2/18/2019,0.0001737428822547444
cat__purchase_history_03-07-2023,0.00017373658481931574
cat__purchase_history_03-01-2019,0.00017362884717444951
cat__purchase_history_11-12-2022,0.00017268063940856416
cat__purchase_history_10-06-2020,0.00017243521321633085
cat__purchase_history_11/16/2023,0.00017230612911515772
cat__purchase_history_03-12-2022,0.0001720329110472701
cat__purchase_history_11-03-2019,0.00017201374691542528
cat__purchase_history_06-07-2021,0.00017193652993902485
cat__purchase_history_2/23/2021,0.00017192529876582482
cat__purchase_history_1/25/2018,0.0001718910602199175
cat__purchase_history_11/20/2018,0.00017170145706808655
cat__purchase_history_05-03-2020,0.00017166451794022684
cat__purchase_history_06-08-2021,0.00017162961441278545
cat__purchase_history_5/25/2023,0.0001716033380783132
cat__purchase_history_5/16/2021,0.00017156717835013427
cat__purchase_history_2/21/2021,0.00017155161430631224
cat__purchase_history_4/13/2018,0.00017144981998221579
cat__purchase_history_11-07-2018,0.000171122181296817
cat__purchase_history_08-11-2022,0.00017111461921889717
cat__purchase_history_06-03-2021,0.00017110711909948433
cat__purchase_history_08-07-2019,0.00017103443804168206
cat__purchase_history_8/16/2019,0.0001709931323159718
cat__purchase_history_10/21/2022,0.000170979003417034
cat__purchase_history_04-11-2023,0.00017071800865757548
cat__purchase_history_9/23/2020,0.0001705536675084306
cat__purchase_history_11-05-2018,0.00017044120529243845
cat__purchase_history_01-11-2018,0.00017031500694152368
cat__purchase_history_09-07-2020,0.00017008972404734205
cat__purchase_history_1/16/2019,0.00016992226485244193
cat__purchase_history_05-02-2023,0.0001698171200525677
cat__purchase_history_1/24/2022,0.00016980848781483946
cat__purchase_history_6/25/2018,0.00016976220927615595
cat__purchase_history_12/20/2019,0.00016937715917264822
cat__purchase_history_05-04-2019,0.00016937329617486627
cat__purchase_history_08-05-2021,0.00016934638108144048
cat__purchase_history_5/19/2019,0.00016901723147009815
cat__purchase_history_1/27/2022,0.00016901062044037452
cat__purchase_history_10-03-2020,0.00016897415412242154
cat__purchase_history_4/20/2020,0.00016894630505742244
cat__purchase_history_6/27/2021,0.0001688320163627743
cat__purchase_history_12/17/2018,0.00016882198439030708
cat__purchase_history_03-04-2021,0.00016863888972913787
cat__purchase_history_2/21/2019,0.00016862721747860904
cat__purchase_history_9/26/2020,0.00016837814761772193
cat__purchase_history_7/20/2021,0.0001681209343714787
cat__purchase_history_12/26/2018,0.00016810476076645336
cat__purchase_history_8/24/2020,0.00016805202377107866
cat__purchase_history_7/26/2023,0.0001679306666197593
cat__purchase_history_7/24/2022,0.0001679212788525799
cat__purchase_history_4/21/2021,0.00016768891305700566
cat__purchase_history_10/17/2018,0.0001676538791679084
cat__purchase_history_12-11-2020,0.0001674180307177112
cat__purchase_history_9/24/2022,0.00016733966685018788
cat__purchase_history_04-05-2023,0.00016732908723776893
cat__purchase_history_08-10-2023,0.00016697751475977895
cat__purchase_history_2/22/2020,0.00016690896574396834
cat__purchase_history_10-04-2019,0.00016682479704638794
cat__purchase_history_12-04-2019,0.0001667771961277201
cat__purchase_history_12/19/2019,0.00016673791265955316
cat__purchase_history_05-12-2022,0.00016669387566468877
cat__purchase_history_06-04-2023,0.00016657600882403537
cat__purchase_history_04-01-2022,0.00016640992942287055
cat__purchase_history_9/22/2022,0.00016640307249689371
cat__purchase_history_7/15/2022,0.0001661716882539578
cat__purchase_history_12-10-2018,0.00016588082449631397
cat__purchase_history_7/18/2018,0.00016584358339660917
cat__purchase_history_03-03-2018,0.00016584079673534282
cat__purchase_history_10/27/2018,0.00016582583378013473
cat__purchase_history_7/13/2019,0.00016575082844815151
cat__purchase_history_8/19/2022,0.0001657407415769271
cat__purchase_history_09-01-2019,0.00016573087024912033
cat__purchase_history_08-03-2022,0.00016569186376902574
cat__purchase_history_01-09-2020,0.0001655795441403449
cat__purchase_history_06-07-2023,0.0001655580049978388
cat__purchase_history_6/25/2019,0.00016553712758236104
cat__purchase_history_11-06-2023,0.00016548275310939426
cat__purchase_history_1/23/2019,0.00016547016365415368
cat__purchase_history_07-06-2019,0.00016544891277025248
cat__purchase_history_6/23/2020,0.0001653523538530173
cat__purchase_history_01-01-2020,0.00016519036880844652
cat__purchase_history_04-08-2018,0.00016495396378162164
cat__purchase_history_11-12-2019,0.00016490835294664905
cat__purchase_history_05-07-2020,0.0001648973809605707
cat__purchase_history_5/20/2018,0.000164845015899285
cat__purchase_history_02-07-2018,0.0001648228323311238
cat__purchase_history_4/16/2022,0.0001647330241353924
cat__purchase_history_07-04-2023,0.00016446595894237774
cat__purchase_history_08-10-2020,0.0001643570107167681
cat__purchase_history_12/18/2019,0.00016432606980804233
cat__purchase_history_02-01-2022,0.00016428355010005417
cat__purchase_history_04-06-2020,0.00016404094573421412
cat__purchase_history_3/16/2018,0.0001639568535243458
cat__purchase_history_05-10-2021,0.00016378737144089148
cat__purchase_history_6/15/2022,0.00016367025737552195
cat__purchase_history_10/13/2020,0.00016339266974169613
cat__purchase_history_2/21/2018,0.00016325357976529345
cat__purchase_history_11/21/2023,0.00016319240066612614
cat__purchase_history_12/23/2023,0.00016317925412252479
cat__purchase_history_08-12-2022,0.00016315976235184863
cat__purchase_history_07-01-2019,0.00016313539211426506
cat__purchase_history_11/27/2019,0.00016271565609609408
cat__purchase_history_11-02-2023,0.00016268719735380722
cat__purchase_history_2/18/2018,0.000162662332174678
cat__purchase_history_9/21/2020,0.00016259829094482833
cat__purchase_history_9/20/2018,0.0001624337982694901
cat__purchase_history_11/24/2023,0.00016232666317101774
cat__purchase_history_6/21/2021,0.0001622886176676964
cat__purchase_history_12-10-2022,0.0001619807359188357
cat__purchase_history_12/22/2023,0.0001619102683539234
cat__purchase_history_9/27/2018,0.0001618488605884541
cat__purchase_history_03-04-2022,0.00016166805287914115
cat__purchase_history_10/19/2021,0.000161624880760262
cat__purchase_history_3/20/2020,0.0001614894603551887
cat__purchase_history_06-03-2022,0.00016139787230532522
cat__purchase_history_10-11-2021,0.0001612802880661689
cat__purchase_history_01-11-2020,0.00016100233688741484
cat__purchase_history_10-12-2019,0.00016098637649325094
cat__purchase_history_4/21/2019,0.00016089839728135078
cat__purchase_history_4/16/2023,0.00016069125160029466
cat__purchase_history_10/21/2020,0.00016049054435253
cat__purchase_history_3/13/2018,0.00016035119093332556
cat__purchase_history_5/16/2020,0.00016031008728946804
cat__purchase_history_2/27/2022,0.00016030389087932155
cat__purchase_history_03-01-2023,0.00016022956890321554
cat__purchase_history_04-02-2023,0.0001601251827112402
cat__purchase_history_2/26/2022,0.00016011066631839438
cat__purchase_history_11/24/2019,0.00016002724914789522
cat__purchase_history_09-07-2023,0.00015991560278943412
cat__purchase_history_4/13/2020,0.00015981476701209865
cat__purchase_history_12-12-2023,0.00015977138238553723
cat__purchase_history_1/28/2019,0.0001597620861902501
cat__purchase_history_08-04-2022,0.0001597553034734401
cat__purchase_history_8/24/2018,0.00015969531714428518
cat__purchase_history_10/24/2022,0.00015955636817245887
cat__purchase_history_6/13/2022,0.00015950696902367132
cat__purchase_history_1/19/2018,0.00015935972834438868
cat__purchase_history_03-09-2019,0.00015930852528455312
cat__purchase_history_06-10-2021,0.00015923821580430468
cat__purchase_history_10/19/2022,0.00015923248090735873
cat__purchase_history_10-12-2022,0.00015912251701458347
cat__purchase_history_6/17/2018,0.00015902234257481081
cat__purchase_history_11/19/2020,0.00015901454234523049
cat__purchase_history_08-02-2021,0.00015895640744002345
cat__purchase_history_05-07-2023,0.0001589477072584532
cat__purchase_history_8/18/2023,0.0001587940574313981
cat__purchase_history_01-10-2022,0.0001587802776763049
cat__purchase_history_8/19/2018,0.00015867692920251824
cat__purchase_history_05-08-2021,0.00015864316671421023
cat__purchase_history_07-05-2018,0.00015856025995672262
cat__purchase_history_6/22/2020,0.00015847733128528173
cat__purchase_history_8/26/2019,0.00015845817125710116
cat__purchase_history_8/28/2018,0.0001582070738939096
cat__purchase_history_8/16/2018,0.00015797930726153722
cat__purchase_history_12/20/2020,0.00015790712464813463
cat__purchase_history_04-08-2021,0.0001575085229644879
cat__purchase_history_06-06-2021,0.0001574469391515295
cat__purchase_history_10-08-2019,0.00015736805814918007
cat__purchase_history_6/22/2021,0.00015733438697477665
cat__purchase_history_03-04-2018,0.00015707003010422552
cat__purchase_history_09-10-2018,0.00015682704532431188
cat__purchase_history_10-06-2022,0.0001566494475091133
cat__purchase_history_01-08-2021,0.00015651498567920916
cat__purchase_history_6/23/2022,0.00015648990053123576
cat__purchase_history_7/16/2021,0.00015628216535290085
cat__purchase_history_12-08-2020,0.0001562700886661144
cat__purchase_history_02-05-2018,0.00015598283727262792
cat__purchase_history_03-04-2019,0.00015589409525400969
cat__purchase_history_9/15/2022,0.0001558142489121183
cat__purchase_history_01-04-2023,0.00015566593927714286
cat__purchase_history_7/28/2023,0.00015560149267314225
cat__purchase_history_12-02-2023,0.00015560046665540742
cat__purchase_history_6/22/2023,0.00015558412279990513
cat__purchase_history_08-05-2020,0.00015541012051365738
cat__purchase_history_05-03-2018,0.0001554062573824851
cat__purchase_history_06-03-2018,0.00015540509065691457
cat__purchase_history_11/28/2021,0.00015536930209230214
cat__purchase_history_08-04-2020,0.0001552744032754923
cat__purchase_history_11-04-2019,0.00015527168394165105
cat__purchase_history_01-05-2019,0.00015517362954698793
cat__purchase_history_9/22/2018,0.00015515383703457045
cat__purchase_history_5/20/2022,0.00015506971279569075
cat__purchase_history_7/21/2022,0.00015497553095887126
cat__purchase_history_03-05-2021,0.00015483004580906502
cat__purchase_history_09-06-2020,0.00015462329128637485
cat__purchase_history_9/24/2021,0.00015460047595168433
cat__purchase_history_12-06-2022,0.0001545945402777095
cat__purchase_history_6/26/2021,0.0001544609029279805
cat__purchase_history_3/15/2020,0.0001540870461510713
cat__purchase_history_6/15/2018,0.0001540854011228669
cat__purchase_history_01-10-2019,0.00015401853160343512
cat__purchase_history_07-04-2019,0.00015394862668736481
cat__purchase_history_06-07-2022,0.00015389348505181889
cat__purchase_history_6/17/2020,0.00015387007095235867
cat__purchase_history_01-05-2018,0.00015384527057688585
cat__purchase_history_7/17/2022,0.0001537543236603143
cat__purchase_history_02-10-2020,0.0001537493543448828
cat__purchase_history_4/28/2022,0.00015371511452445642
cat__purchase_history_07-05-2022,0.00015348381345545588
cat__purchase_history_2/23/2020,0.000153426402326233
cat__purchase_history_5/17/2019,0.0001533279579187858
cat__purchase_history_10-03-2018,0.00015309364098630706
cat__purchase_history_8/15/2022,0.00015299454291108506
cat__purchase_history_2/21/2023,0.00015280698973165233
cat__purchase_history_09-09-2020,0.00015263801984082538
cat__purchase_history_2/18/2023,0.00015252855851049978
cat__purchase_history_01-07-2023,0.00015248095316225868
cat__purchase_history_09-05-2018,0.00015235268817691226
cat__purchase_history_10/15/2019,0.00015228540691056093
cat__purchase_history_6/21/2018,0.00015209478855570914
cat__purchase_history_11/27/2023,0.00015200003744116503
cat__purchase_history_1/17/2023,0.00015151138291411782
cat__purchase_history_12/14/2023,0.00015134978763519156
cat__purchase_history_11/13/2018,0.00015125587222507847
cat__purchase_history_02-07-2020,0.00015081543552778514
cat__purchase_history_6/19/2023,0.0001507028072942335
cat__purchase_history_1/17/2020,0.00015067601829020136
cat__purchase_history_12/18/2018,0.00015035290974641855
cat__purchase_history_08-04-2018,0.00015033986513652396
cat__purchase_history_8/22/2021,0.00015025578301332387
cat__purchase_history_6/28/2018,0.00015003105161950556
cat__purchase_history_5/14/2022,0.000149917390192332
cat__purchase_history_08-11-2020,0.00014980945242779625
cat__purchase_history_6/27/2022,0.00014970896019391637
cat__purchase_history_3/27/2019,0.00014969847652411512
cat__purchase_history_01-03-2023,0.00014963721461090036
cat__purchase_history_6/25/2021,0.0001494083889523361
cat__purchase_history_6/15/2019,0.00014934548430354093
cat__purchase_history_1/26/2022,0.00014931070621268522
cat__purchase_history_05-11-2018,0.0001491446714700459
cat__purchase_history_7/15/2021,0.00014912324893364307
cat__purchase_history_9/13/2018,0.00014873732946228338
cat__purchase_history_05-06-2018,0.00014867677981659954
cat__purchase_history_10-01-2022,0.00014854517111498268
cat__purchase_history_05-12-2023,0.00014848362727900324
cat__purchase_history_03-02-2018,0.00014827049036396855
cat__purchase_history_11-05-2020,0.00014812751856472533
cat__purchase_history_3/20/2022,0.00014811180244639612
cat__purchase_history_2/19/2020,0.00014808022318356213
cat__purchase_history_3/28/2021,0.000147990723883133
cat__purchase_history_12-06-2023,0.00014796232293384776
cat__purchase_history_7/17/2021,0.00014764887757662552
cat__purchase_history_6/25/2022,0.00014756182106163892
cat__purchase_history_4/28/2021,0.0001474332240981053
cat__purchase_history_1/21/2020,0.00014727232737387006
cat__purchase_history_08-07-2022,0.0001472514606737076
cat__purchase_history_6/13/2019,0.00014720548711954183
cat__purchase_history_10-01-2019,0.00014718030565993355
cat__purchase_history_4/21/2022,0.00014706087525215113
cat__purchase_history_11/21/2022,0.00014704103350275498
cat__purchase_history_11/20/2023,0.00014695494102265542
cat__purchase_history_01-05-2022,0.00014679877449915918
cat__purchase_history_1/17/2018,0.00014678170670164286
cat__purchase_history_3/22/2020,0.00014672468192579043
cat__purchase_history_9/13/2023,0.00014643108220129585
cat__purchase_history_4/23/2018,0.0001463459980974278
cat__purchase_history_10-06-2018,0.00014630725713950986
cat__purchase_history_07-10-2021,0.00014626720836088605
cat__purchase_history_8/21/2021,0.00014620879006159202
cat__purchase_history_1/25/2020,0.00014620812307866284
cat__purchase_history_8/19/2019,0.00014591822634896383
cat__purchase_history_8/23/2018,0.0001457183214940731
cat__purchase_history_7/21/2019,0.00014525576081278002
cat__purchase_history_1/28/2021,0.00014521420827846908
cat__purchase_history_12/28/2020,0.00014518554898935643
cat__purchase_history_03-10-2023,0.00014510164177533615
cat__purchase_history_1/18/2022,0.00014507845246896278
cat__purchase_history_12/18/2020,0.0001447250429447213
cat__purchase_history_09-11-2020,0.000144655330315224
cat__purchase_history_12-11-2023,0.0001445321624455459
cat__purchase_history_4/23/2019,0.0001444033303206076
cat__purchase_history_05-09-2019,0.00014434492574279142
cat__purchase_history_12/15/2019,0.0001442643836355997
cat__purchase_history_10-07-2019,0.00014398358904641357
cat__purchase_history_10-07-2023,0.0001437488041989515
cat__purchase_history_04-06-2023,0.00014371218293719948
cat__purchase_history_10/22/2020,0.00014355348918832446
cat__purchase_history_4/22/2022,0.00014350285585129627
cat__purchase_history_03-05-2022,0.0001434451216358311
cat__purchase_history_7/23/2021,0.000143325758036496
cat__purchase_history_04-02-2020,0.00014321452983422723
cat__purchase_history_06-10-2022,0.00014315624357217263
cat__purchase_history_10/22/2019,0.00014311825799325718
cat__purchase_history_4/27/2022,0.00014292978719160904
cat__purchase_history_11/18/2021,0.00014271156632707297
cat__purchase_history_2/26/2023,0.00014265385403151772
cat__purchase_history_03-05-2019,0.00014256373559959557
cat__purchase_history_12/17/2021,0.00014250770403740693
cat__purchase_history_07-05-2019,0.00014242269403627055
cat__purchase_history_05-06-2019,0.0001424139637489502
cat__purchase_history_01-02-2023,0.00014238931055744611
cat__purchase_history_5/13/2019,0.00014231690404362254
cat__purchase_history_02-06-2022,0.0001421165358980824
cat__purchase_history_07-12-2020,0.0001420409290862519
cat__purchase_history_1/13/2018,0.00014185762750491222
cat__purchase_history_11/14/2022,0.00014182404291575068
cat__purchase_history_12-01-2018,0.0001417999044878269
cat__purchase_history_6/17/2022,0.00014109143659986792
cat__purchase_history_06-02-2023,0.00014097048839241028
cat__purchase_history_2/15/2020,0.0001409702337177433
cat__purchase_history_7/15/2019,0.0001409467247672866
cat__purchase_history_10-09-2023,0.0001408318133814181
cat__purchase_history_12-01-2019,0.00014079435989667818
cat__purchase_history_07-09-2021,0.0001407354045244914
cat__purchase_history_12/15/2021,0.00014065122092089848
cat__purchase_history_02-12-2023,0.00014059827571918392
cat__purchase_history_01-10-2020,0.00014054636941377097
cat__purchase_history_8/17/2021,0.00014050365605042717
cat__purchase_history_09-06-2022,0.00014031837125589311
cat__purchase_history_11/23/2021,0.00014030947280437286
cat__purchase_history_12-03-2021,0.00014029703955955081
cat__purchase_history_02-06-2018,0.00014024466696988078
cat__purchase_history_03-02-2022,0.00014014524011799758
cat__purchase_history_5/21/2022,0.00014009873598088364
cat__purchase_history_3/14/2020,0.00014001566532719918
cat__purchase_history_10/20/2020,0.00013966537475148074
cat__purchase_history_6/26/2022,0.00013946939112809072
cat__purchase_history_2/23/2022,0.00013943551016800006
cat__purchase_history_12/13/2023,0.0001394353264680249
cat__purchase_history_11/13/2019,0.00013939081050523688
cat__purchase_history_9/26/2018,0.0001393250379534149
cat__purchase_history_03-11-2018,0.00013913258267346073
cat__purchase_history_7/24/2021,0.0001391236754435394
cat__purchase_history_4/20/2022,0.00013899833261239603
cat__purchase_history_01-03-2021,0.00013886962089189282
cat__purchase_history_12-11-2019,0.00013886245643777257
cat__purchase_history_06-12-2020,0.00013884892335196253
cat__purchase_history_8/18/2019,0.00013876668985593322
cat__purchase_history_11-05-2021,0.00013845190065007106
cat__purchase_history_6/21/2019,0.00013820405937231022
cat__purchase_history_12/15/2018,0.0001381064882648054
cat__purchase_history_09-05-2020,0.00013795282906436392
cat__purchase_history_1/21/2023,0.0001377921192934205
cat__purchase_history_03-09-2021,0.0001377672695093057
cat__purchase_history_8/17/2019,0.00013774839186535035
cat__purchase_history_4/15/2022,0.00013770141021707383
cat__purchase_history_04-10-2020,0.000137668445444265
cat__purchase_history_03-03-2019,0.0001374431271697341
cat__purchase_history_1/18/2019,0.00013727961158500925
cat__purchase_history_04-08-2023,0.00013712554883675446
cat__purchase_history_7/26/2022,0.000136943659169633
cat__purchase_history_01-09-2021,0.0001368804793646381
cat__purchase_history_01-09-2018,0.00013680387753974696
cat__purchase_history_12/25/2019,0.00013674969978761626
cat__purchase_history_1/18/2021,0.00013661413408063336
cat__purchase_history_10/15/2020,0.00013647462561783305
cat__purchase_history_08-07-2023,0.00013623221928128594
cat__purchase_history_1/27/2023,0.00013591278285894187
cat__purchase_history_5/16/2019,0.00013569683397907163
cat__purchase_history_11/20/2022,0.00013559372182157998
cat__purchase_history_11-06-2018,0.00013557060515432306
cat__purchase_history_7/14/2022,0.00013549978645616766
cat__purchase_history_2/17/2021,0.0001354976601453724
cat__purchase_history_2/19/2023,0.0001353631272335541
cat__purchase_history_9/28/2021,0.00013526362110415278
cat__purchase_history_9/13/2022,0.00013515540499724698
cat__purchase_history_01-02-2021,0.00013512722730776102
cat__purchase_history_12/16/2018,0.00013500164586934427
cat__purchase_history_3/20/2023,0.00013491917143009164
cat__purchase_history_11/16/2021,0.00013465757951171213
cat__purchase_history_07-08-2018,0.00013464493912621539
cat__purchase_history_6/14/2021,0.00013461095147955873
cat__purchase_history_11/15/2021,0.00013455204922712484
cat__purchase_history_11-02-2018,0.0001345354788799021
cat__purchase_history_8/26/2022,0.00013450698285255686
cat__purchase_history_10-04-2023,0.00013449557043474666
cat__purchase_history_11/19/2019,0.00013437253791924033
cat__purchase_history_10-11-2023,0.00013389664287912994
cat__purchase_history_10-02-2022,0.00013387001553851136
cat__purchase_history_11-04-2018,0.00013377685901393746
cat__purchase_history_4/16/2021,0.0001337410867847611
cat__purchase_history_2/16/2022,0.0001335525112850474
cat__purchase_history_3/15/2021,0.00013332380982771473
cat__purchase_history_07-10-2019,0.0001333076266389654
cat__purchase_history_1/16/2022,0.000133129135896921
cat__purchase_history_5/27/2019,0.00013312485263863885
cat__purchase_history_5/19/2022,0.00013306357996086874
cat__purchase_history_02-04-2022,0.00013303381305373064
cat__purchase_history_7/23/2018,0.00013299361551872863
cat__purchase_history_1/24/2021,0.00013267006761059913
cat__purchase_history_4/24/2018,0.000132494098182805
cat__purchase_history_6/17/2021,0.0001324746181956704
cat__purchase_history_6/26/2020,0.00013240621817594707
cat__purchase_history_03-11-2019,0.00013238697590453336
cat__purchase_history_04-07-2020,0.00013229379188037197
cat__purchase_history_1/22/2023,0.00013217102362623583
cat__purchase_history_2/24/2020,0.0001317434202950477
cat__purchase_history_3/20/2018,0.00013173849454360404
cat__purchase_history_12/25/2020,0.00013173036177541536
cat__purchase_history_8/27/2020,0.0001317283920722523
cat__purchase_history_11-09-2019,0.00013171033158423457
cat__purchase_history_7/28/2019,0.0001316868395425783
cat__purchase_history_4/25/2023,0.0001316616904795935
cat__purchase_history_03-05-2018,0.00013146577238724294
cat__purchase_history_10/23/2018,0.00013141469396780444
cat__purchase_history_09-09-2022,0.00013139766793378885
cat__purchase_history_07-03-2018,0.00013109583524461362
cat__purchase_history_09-02-2023,0.00013108127660819074
cat__purchase_history_2/14/2023,0.00013107334383845247
cat__purchase_history_11/17/2021,0.00013105855860337518
cat__purchase_history_8/25/2020,0.00013075846716115923
cat__purchase_history_07-03-2022,0.00013075047561855374
cat__purchase_history_7/22/2019,0.0001304831915854682
cat__purchase_history_11/18/2018,0.00013044558369161054
cat__purchase_history_12/25/2023,0.00013023897370475674
cat__purchase_history_01-02-2018,0.00013016230503264413
cat__purchase_history_2/26/2019,0.00013011518414364536
cat__purchase_history_1/14/2019,0.00013001034894400462
cat__purchase_history_8/13/2022,0.00012996384349993513
cat__purchase_history_10/17/2022,0.00012987454586136477
cat__purchase_history_5/19/2023,0.00012982393203491474
cat__purchase_history_11/22/2018,0.00012979588691441278
cat__purchase_history_01-12-2020,0.0001297955396289886
cat__purchase_history_09-09-2018,0.0001297805750922555
cat__purchase_history_12/16/2021,0.00012959188480866386
cat__purchase_history_4/28/2018,0.00012954040069585178
cat__purchase_history_4/22/2023,0.0001290889186122034
cat__purchase_history_4/16/2019,0.00012895817838417262
cat__purchase_history_04-01-2019,0.00012889783170362375
cat__purchase_history_9/15/2023,0.0001287433407027815
cat__purchase_history_08-08-2020,0.00012872772187549618
cat__purchase_history_07-02-2021,0.00012869939805452787
cat__purchase_history_11/13/2022,0.0001285841459037382
cat__purchase_history_06-09-2022,0.0001284814481313088
cat__purchase_history_06-05-2023,0.00012846905500329736
cat__purchase_history_3/25/2023,0.0001282394149332828
cat__purchase_history_6/28/2023,0.0001282165669081746
cat__purchase_history_5/28/2023,0.00012820288895087355
cat__purchase_history_02-05-2021,0.00012799730767403818
cat__purchase_history_3/26/2023,0.00012795356708502516
cat__purchase_history_08-06-2020,0.00012776048128151294
cat__purchase_history_04-03-2018,0.00012775150962067327
cat__purchase_history_3/20/2021,0.00012774921556028398
cat__purchase_history_8/13/2021,0.00012767006329923408
cat__purchase_history_07-07-2021,0.00012759507112351516
cat__purchase_history_08-09-2020,0.00012746228623426855
cat__purchase_history_09-03-2019,0.00012738484091321262
cat__purchase_history_06-11-2020,0.00012725335972048622
cat__purchase_history_04-08-2022,0.0001271161858755962
cat__purchase_history_12/20/2018,0.00012693983003168855
cat__purchase_history_08-06-2021,0.0001269179123378692
cat__purchase_history_4/26/2018,0.0001266664339941156
cat__purchase_history_11/14/2018,0.0001265937530031403
cat__purchase_history_2/20/2022,0.00012658657426123352
cat__purchase_history_06-04-2021,0.00012643675721884306
cat__purchase_history_05-12-2019,0.00012637382366983228
cat__purchase_history_07-10-2022,0.00012636680503955644
cat__purchase_history_02-11-2020,0.00012620012050066777
cat__purchase_history_08-08-2019,0.00012598134424708212
cat__purchase_history_4/15/2023,0.0001259350309954037
cat__purchase_history_3/15/2018,0.00012590317315538824
cat__purchase_history_3/18/2023,0.00012570229505969185
cat__purchase_history_08-02-2022,0.00012566408211237093
cat__purchase_history_08-06-2019,0.000125663279717508
cat__purchase_history_4/23/2022,0.00012562038544958212
cat__purchase_history_2/21/2020,0.00012556257279180185
cat__purchase_history_12-04-2023,0.00012553752914627514
cat__purchase_history_03-01-2018,0.00012553404017506475
cat__purchase_history_03-02-2020,0.0001255073885263414
cat__purchase_history_10/23/2023,0.000125310099225325
cat__purchase_history_10/25/2020,0.00012503507427106603
cat__purchase_history_2/22/2023,0.00012488164681558452
cat__purchase_history_06-04-2020,0.00012483290750389252
cat__purchase_history_10-05-2020,0.0001247713497165006
cat__purchase_history_01-01-2018,0.00012473323846285778
cat__purchase_history_2/15/2021,0.00012462046436456103
cat__purchase_history_07-08-2019,0.00012456920597707705
cat__purchase_history_11/25/2020,0.00012437994975003118
cat__purchase_history_12-08-2021,0.00012433814446047878
cat__purchase_history_09-04-2021,0.0001243032279398787
cat__purchase_history_02-01-2018,0.00012429206617133512
cat__purchase_history_10-10-2023,0.00012410637015507884
cat__purchase_history_06-05-2018,0.0001239797792168529
cat__purchase_history_8/25/2021,0.00012392054863049883
cat__purchase_history_6/19/2019,0.00012367882208150625
cat__purchase_history_10/28/2020,0.00012367861535707595
cat__purchase_history_2/27/2018,0.00012367226715793444
cat__purchase_history_6/19/2021,0.00012364302105942563
cat__purchase_history_10/20/2022,0.00012362934002037667
cat__purchase_history_5/17/2018,0.0001235516263560079
cat__purchase_history_05-11-2022,0.00012346384345579594
cat__purchase_history_07-04-2020,0.00012340866959146407
cat__purchase_history_10/28/2021,0.00012325941862358373
cat__purchase_history_05-08-2023,0.0001231683463657361
cat__purchase_history_9/15/2020,0.00012297381194608073
cat__purchase_history_06-01-2020,0.0001229700974876692
cat__purchase_history_12-06-2021,0.00012291612534632952
cat__purchase_history_04-10-2023,0.00012284466195820545
cat__purchase_history_11/28/2018,0.00012279834730025962
cat__purchase_history_04-07-2018,0.00012278338702777182
cat__purchase_history_04-09-2021,0.0001227483704434824
cat__purchase_history_1/27/2021,0.0001226281075037948
cat__purchase_history_2/14/2022,0.0001225706847699923
cat__purchase_history_06-09-2023,0.00012250862485136215
cat__purchase_history_10/20/2018,0.0001221490827108575
cat__purchase_history_2/17/2019,0.00012212945631471812
cat__purchase_history_08-01-2022,0.00012201126930463296
cat__purchase_history_03-09-2020,0.00012187849049761709
cat__purchase_history_10/23/2020,0.00012181938701161376
cat__purchase_history_08-11-2023,0.00012177849876422049
cat__purchase_history_3/19/2022,0.0001216499416519161
cat__purchase_history_11-02-2021,0.00012152769390940699
cat__purchase_history_11-10-2020,0.00012141531743467731
cat__purchase_history_11/14/2020,0.00012126912652922276
cat__purchase_history_08-06-2022,0.00012124504162299366
cat__purchase_history_05-01-2021,0.00012109774419971
cat__purchase_history_07-10-2020,0.00012107983643097571
cat__purchase_history_5/25/2020,0.00012093716434618371
cat__purchase_history_5/19/2021,0.00012049182260553105
cat__purchase_history_02-12-2022,0.00012045310320677394
cat__purchase_history_09-03-2023,0.00012040808346580266
cat__purchase_history_1/22/2018,0.00012039884460991262
cat__purchase_history_12-09-2023,0.00012036948274715655
cat__purchase_history_12-12-2022,0.00012031289857597438
cat__purchase_history_11-03-2018,0.00011993208507664881
cat__purchase_history_09-04-2018,0.0001199026212638516
cat__purchase_history_3/18/2019,0.0001198558832779794
cat__purchase_history_01-09-2019,0.00011983582276331564
cat__purchase_history_8/20/2022,0.00011970787386095866
cat__purchase_history_04-09-2019,0.00011966517137557069
cat__purchase_history_07-11-2020,0.00011963708314398159
cat__purchase_history_8/28/2022,0.00011883351771411251
cat__purchase_history_09-11-2021,0.00011880664730711946
cat__purchase_history_10/20/2021,0.00011866280720020546
cat__purchase_history_12/14/2020,0.00011853623661040048
cat__purchase_history_12-09-2021,0.00011846531489821956
cat__purchase_history_06-04-2019,0.00011824910560434501
cat__purchase_history_1/28/2020,0.00011809518980520758
cat__purchase_history_1/17/2019,0.00011806173269454981
cat__purchase_history_09-08-2019,0.00011784839546298243
cat__purchase_history_12/15/2022,0.0001177874009097901
cat__purchase_history_2/27/2023,0.0001176754531567366
cat__purchase_history_5/13/2023,0.00011749565770724838
cat__purchase_history_04-11-2020,0.00011747803174481124
cat__purchase_history_9/26/2023,0.00011747701000414894
cat__purchase_history_5/16/2023,0.00011725301627777162
cat__purchase_history_9/20/2020,0.0001170846062219548
cat__purchase_history_6/19/2022,0.00011705565946128759
cat__purchase_history_12/17/2020,0.00011702330304830109
cat__purchase_history_9/25/2018,0.00011701725255139802
cat__purchase_history_08-12-2018,0.00011683233414626312
cat__purchase_history_6/26/2018,0.00011669628293826671
cat__purchase_history_08-08-2021,0.00011667393245716264
cat__purchase_history_3/17/2021,0.00011658489275116778
cat__purchase_history_07-06-2018,0.0001165399557907124
cat__purchase_history_9/22/2021,0.00011648745723323177
cat__purchase_history_12/16/2022,0.00011646516616537449
cat__purchase_history_6/16/2021,0.00011642849008625529
cat__purchase_history_01-01-2023,0.00011635131073655873
cat__purchase_history_10/27/2022,0.00011625054496296387
cat__purchase_history_9/16/2018,0.00011616252338073195
cat__purchase_history_11/27/2022,0.00011590936375628012
cat__purchase_history_7/14/2018,0.00011585320576244375
cat__purchase_history_8/23/2023,0.00011577565039505245
cat__purchase_history_12/26/2023,0.00011559658943765364
cat__purchase_history_1/23/2021,0.00011537238688132174
cat__purchase_history_08-12-2019,0.00011532024565331289
cat__purchase_history_10/23/2021,0.00011529797543205776
cat__purchase_history_3/16/2022,0.00011524668564460609
cat__purchase_history_3/25/2020,0.00011510856345494895
cat__purchase_history_3/22/2022,0.00011499807809994705
cat__purchase_history_10/25/2023,0.00011489841462682254
cat__purchase_history_2/20/2019,0.000114748616779658
cat__purchase_history_03-07-2021,0.00011472733627491396
cat__purchase_history_10/17/2023,0.0001147016045720732
cat__purchase_history_06-06-2019,0.00011454304665336218
cat__purchase_history_4/26/2019,0.00011450341880873639
cat__purchase_history_7/20/2018,0.00011449475976587512
cat__purchase_history_11/18/2020,0.00011448983183167808
cat__purchase_history_3/21/2022,0.00011448205950612704
cat__purchase_history_04-08-2019,0.00011427469827549969
cat__purchase_history_12-02-2020,0.00011426366686821837
cat__purchase_history_09-03-2022,0.00011425799237453243
cat__purchase_history_4/24/2021,0.00011421724324821608
cat__purchase_history_1/19/2023,0.00011410516487650671
cat__purchase_history_01-07-2022,0.00011403190723389323
cat__purchase_history_6/24/2021,0.00011401812640573483
cat__purchase_history_10/14/2018,0.00011392256935200642
cat__purchase_history_3/27/2020,0.0001137868043614397
cat__purchase_history_7/26/2019,0.00011376509626351604
cat__purchase_history_3/28/2022,0.00011351349841405545
cat__purchase_history_3/26/2019,0.00011321102914891555
cat__purchase_history_05-09-2020,0.00011305158938079955
cat__purchase_history_10/15/2018,0.0001130084346953715
cat__purchase_history_1/21/2019,0.00011295923011951588
cat__purchase_history_9/17/2023,0.00011292382772392106
cat__purchase_history_3/19/2023,0.00011288428201313784
cat__purchase_history_1/21/2021,0.0001124434185544732
cat__purchase_history_08-10-2022,0.00011237065017250645
cat__purchase_history_08-09-2021,0.00011206365690160713
cat__purchase_history_08-07-2020,0.00011201066799684101
cat__purchase_history_9/27/2021,0.00011199361205399307
cat__purchase_history_04-11-2021,0.00011192842972615013
cat__purchase_history_2/18/2022,0.0001117697671724446
cat__purchase_history_01-02-2020,0.00011166606473019553
cat__purchase_history_12-03-2018,0.00011165217261664677
cat__purchase_history_3/19/2019,0.00011145449502381712
cat__purchase_history_04-04-2023,0.00011123615052771226
cat__purchase_history_2/13/2023,0.00011115438323423944
cat__purchase_history_10/24/2023,0.00011110165488373514
cat__purchase_history_1/18/2020,0.00011098891935178989
cat__purchase_history_05-10-2023,0.00011087559396924804
cat__purchase_history_08-06-2023,0.00011076939892079352
cat__purchase_history_5/18/2022,0.00011023084855110119
cat__purchase_history_06-12-2023,0.00011019181586749747
cat__purchase_history_12/20/2022,0.00010994555420308832
cat__purchase_history_11-12-2018,0.00010989036802219602
cat__purchase_history_7/27/2019,0.00010977294125344483
cat__purchase_history_2/13/2018,0.00010964926931074621
cat__purchase_history_02-11-2021,0.00010961574039258832
cat__purchase_history_9/16/2019,0.00010955888194360626
cat__purchase_history_8/20/2019,0.00010921195786542803
cat__purchase_history_05-02-2019,0.00010920376092591633
cat__purchase_history_6/14/2019,0.00010910294352382733
cat__purchase_history_09-08-2018,0.00010887392328016039
cat__purchase_history_10-02-2023,0.0001086213586634544
cat__purchase_history_10/17/2021,0.00010860602723837589
cat__purchase_history_5/13/2020,0.0001085701249072436
cat__purchase_history_7/16/2023,0.00010845454709207362
cat__purchase_history_08-09-2022,0.0001083176206735053
cat__purchase_history_10/14/2021,0.0001082997579395991
cat__purchase_history_2/19/2018,0.00010791618804152177
cat__purchase_history_10-08-2018,0.00010786261990714126
cat__purchase_history_02-04-2018,0.00010783552009244501
cat__purchase_history_2/15/2022,0.00010778362830481121
cat__purchase_history_07-10-2023,0.00010758555877644365
cat__purchase_history_10-11-2022,0.00010740759900683705
cat__purchase_history_08-01-2021,0.0001073282735723841
cat__purchase_history_05-03-2021,0.00010731250850178592
cat__purchase_history_7/18/2020,0.00010728978211938184
cat__purchase_history_1/19/2020,0.00010727390322911414
cat__purchase_history_08-11-2018,0.00010719624400867891
cat__purchase_history_3/27/2023,0.00010694904167754829
cat__purchase_history_7/23/2019,0.00010687167819264851
cat__purchase_history_05-07-2019,0.0001068028532302017
cat__purchase_history_02-11-2023,0.00010658703885508442
cat__purchase_history_11/24/2018,0.00010651853108618908
cat__purchase_history_3/18/2022,0.00010625187170205274
cat__purchase_history_04-02-2021,0.00010620152049849967
cat__purchase_history_05-08-2022,0.00010620046211418548
cat__purchase_history_10-05-2019,0.00010605605093957884
cat__purchase_history_01-11-2023,0.00010605245942751676
cat__purchase_history_08-02-2019,0.0001058065379311594
cat__purchase_history_03-03-2020,0.00010548753782361964
cat__purchase_history_08-05-2023,0.00010536610394230011
cat__purchase_history_11/15/2020,0.000105334402073772
cat__purchase_history_3/24/2023,0.00010529103112981847
cat__purchase_history_4/24/2020,0.0001049588901593367
cat__purchase_history_06-11-2023,0.00010488881721134135
cat__purchase_history_7/18/2019,0.00010478306797504825
cat__purchase_history_8/21/2020,0.00010472269719575233
cat__purchase_history_6/22/2019,0.00010458080081727049
cat__purchase_history_9/23/2019,0.00010455138569043594
cat__purchase_history_5/22/2018,0.00010439268782231564
cat__purchase_history_01-12-2023,0.00010434065827595427
cat__purchase_history_2/28/2020,0.00010434008562371487
cat__purchase_history_03-02-2019,0.00010420556959097069
cat__purchase_history_5/28/2021,0.00010414489087794879
cat__purchase_history_1/19/2022,0.0001036396294714071
cat__purchase_history_8/22/2023,0.00010362477592751765
cat__purchase_history_10/18/2020,0.00010358854854983057
cat__purchase_history_8/17/2023,0.00010345177131876784
cat__purchase_history_3/23/2023,0.0001033770114400403
cat__purchase_history_5/23/2023,0.00010334844468270212
cat__purchase_history_2/16/2021,0.00010329997426370786
cat__purchase_history_10/20/2023,0.00010328995429329583
cat__purchase_history_07-12-2023,0.00010324027544818831
cat__purchase_history_11/22/2021,0.00010315601494284826
cat__purchase_history_07-03-2021,0.00010288262862948474
cat__purchase_history_2/27/2019,0.00010284174023823592
cat__purchase_history_6/17/2019,0.0001028209934723448
cat__purchase_history_10-08-2021,0.000102699266614621
cat__purchase_history_04-04-2019,0.00010265149454248401
cat__purchase_history_11/26/2018,0.00010264598773745729
cat__purchase_history_09-12-2018,0.00010253529405695669
cat__purchase_history_6/24/2018,0.00010247024507218023
cat__purchase_history_6/14/2022,0.00010242941546136744
cat__purchase_history_03-12-2023,0.00010242272840173516
cat__purchase_history_01-12-2022,0.00010214891854980798
cat__purchase_history_9/15/2021,0.00010201742700054504
cat__purchase_history_12/23/2022,0.00010199959984886863
cat__purchase_history_01-08-2018,0.00010193875447383631
cat__purchase_history_04-09-2018,0.00010183938898209203
cat__purchase_history_7/14/2019,0.00010170637239577413
cat__purchase_history_07-12-2018,0.00010164401606870993
cat__purchase_history_9/25/2021,0.0001016225625634802
cat__purchase_history_7/20/2020,0.00010159486922309605
cat__purchase_history_05-07-2021,0.00010151183133011798
cat__purchase_history_5/14/2020,0.00010148802645769014
cat__purchase_history_2/25/2021,0.00010143542981747304
cat__purchase_history_11/17/2022,0.00010127386826549004
cat__purchase_history_7/16/2018,0.00010112866653605721
cat__purchase_history_11-11-2018,0.00010098007672891238
cat__purchase_history_04-12-2022,0.00010092358068548668
cat__purchase_history_5/15/2019,0.00010088364906236117
cat__purchase_history_3/26/2021,0.00010087806582358879
cat__purchase_history_06-10-2018,0.00010079253248510434
cat__purchase_history_02-06-2023,0.0001007665688803035
cat__purchase_history_10/14/2022,0.00010067552738604497
cat__purchase_history_07-02-2022,0.00010062482679814444
cat__purchase_history_07-05-2021,0.00010050575305730606
cat__purchase_history_02-07-2019,0.00010050446928527209
cat__purchase_history_08-09-2019,0.00010049796936578074
cat__purchase_history_05-06-2023,0.00010048195358490729
cat__purchase_history_01-10-2021,0.00010047247071179892
cat__purchase_history_2/15/2023,0.00010043763429920877
cat__purchase_history_4/18/2020,0.00010023332341293229
cat__purchase_history_8/27/2022,0.00010021093428125393
cat__purchase_history_7/25/2021,0.0001001590406181521
cat__purchase_history_09-01-2022,0.00010008003234453888
cat__purchase_history_08-03-2019,0.00010004730312997047
cat__purchase_history_6/23/2023,0.00010001594637159091
cat__purchase_history_05-03-2019,9.993926159333882e-05
cat__purchase_history_2/22/2021,9.98728403668315e-05
cat__purchase_history_12/19/2018,9.972779311020868e-05
cat__purchase_history_05-04-2018,9.969283417754209e-05
cat__purchase_history_12-10-2019,9.957865088935485e-05
cat__purchase_history_11-11-2022,9.954449735388325e-05
cat__purchase_history_11/25/2021,9.953741819470702e-05
cat__purchase_history_10/13/2021,9.948835805222115e-05
cat__purchase_history_04-10-2021,9.93228802749529e-05
cat__purchase_history_8/14/2018,9.929892519987297e-05
cat__purchase_history_7/17/2019,9.928125899119958e-05
cat__purchase_history_1/14/2022,9.924899858637385e-05
cat__purchase_history_5/21/2020,9.915187148500089e-05
cat__purchase_history_8/24/2019,9.86344850247935e-05
cat__purchase_history_10/24/2021,9.851460593515768e-05
cat__purchase_history_12-04-2018,9.808807234057377e-05
cat__purchase_history_12/28/2019,9.802133101204643e-05
cat__purchase_history_07-06-2023,9.786418153543744e-05
cat__purchase_history_10-05-2023,9.766800742813124e-05
cat__purchase_history_7/21/2020,9.733316551749332e-05
cat__purchase_history_4/25/2018,9.701174748642226e-05
cat__purchase_history_4/15/2020,9.67420850620077e-05
cat__purchase_history_02-03-2020,9.671298930260333e-05
cat__purchase_history_2/16/2023,9.662970180826909e-05
cat__purchase_history_10/28/2022,9.661820349220485e-05
cat__purchase_history_02-03-2019,9.64765627312187e-05
cat__purchase_history_6/13/2023,9.636214597820048e-05
cat__purchase_history_10/19/2020,9.633164843535989e-05
cat__purchase_history_12-03-2022,9.630101535500396e-05
cat__purchase_history_06-10-2023,9.613253421710169e-05
cat__purchase_history_2/20/2020,9.576658825744692e-05
cat__purchase_history_5/22/2019,9.576089069355296e-05
cat__purchase_history_07-06-2022,9.575561225296475e-05
cat__purchase_history_8/15/2019,9.573845465717698e-05
cat__purchase_history_08-04-2023,9.566793408252092e-05
cat__purchase_history_1/21/2022,9.565090634773122e-05
cat__purchase_history_06-05-2020,9.5555889500005e-05
cat__purchase_history_12-07-2018,9.553744153676985e-05
cat__purchase_history_02-05-2022,9.551874130685628e-05
cat__purchase_history_11/22/2019,9.55138833791721e-05
cat__purchase_history_4/25/2022,9.547254790731224e-05
cat__purchase_history_09-08-2022,9.545397598097376e-05
cat__purchase_history_3/15/2022,9.533306387907952e-05
cat__purchase_history_09-01-2023,9.51547632969639e-05
cat__purchase_history_06-09-2021,9.51140990510687e-05
cat__purchase_history_11-01-2019,9.50433998593784e-05
cat__purchase_history_3/13/2022,9.501102807029997e-05
cat__purchase_history_5/23/2020,9.498390533896342e-05
cat__purchase_history_6/18/2023,9.48132614657357e-05
cat__purchase_history_12/19/2022,9.474868140679252e-05
cat__purchase_history_7/24/2019,9.474767519033927e-05
cat__purchase_history_11-02-2019,9.464512589070625e-05
cat__purchase_history_08-04-2019,9.45637800997393e-05
cat__purchase_history_03-12-2021,9.456076113435117e-05
cat__purchase_history_3/26/2018,9.453716130943245e-05
cat__purchase_history_7/18/2022,9.447176782177664e-05
cat__purchase_history_1/27/2020,9.422457696141957e-05
cat__purchase_history_04-05-2019,9.415547311445966e-05
cat__purchase_history_10/14/2019,9.409128311816519e-05
cat__purchase_history_7/24/2023,9.406144693887943e-05
cat__purchase_history_12/25/2022,9.405297072770862e-05
cat__purchase_history_07-02-2020,9.403157268043062e-05
cat__purchase_history_08-10-2021,9.396302036040379e-05
cat__purchase_history_3/19/2018,9.392985403407863e-05
cat__purchase_history_03-06-2018,9.383579454072576e-05
cat__purchase_history_09-09-2019,9.381488693909885e-05
cat__purchase_history_02-04-2023,9.36071837964435e-05
cat__purchase_history_8/20/2020,9.349910682393096e-05
cat__purchase_history_11/27/2020,9.337786178045724e-05
cat__purchase_history_5/15/2018,9.319919262868638e-05
cat__purchase_history_01-12-2019,9.318160868742733e-05
cat__purchase_history_8/13/2018,9.307789620554035e-05
cat__purchase_history_5/27/2020,9.282394122926444e-05
cat__purchase_history_06-09-2018,9.281476184671059e-05
cat__purchase_history_6/24/2020,9.260657637092511e-05
cat__purchase_history_9/16/2020,9.234474190074716e-05
cat__purchase_history_09-09-2023,9.226215142519314e-05
cat__purchase_history_09-10-2021,9.211005145938182e-05
cat__purchase_history_06-11-2022,9.205305352447745e-05
cat__purchase_history_4/19/2018,9.191614548814243e-05
cat__purchase_history_6/20/2023,9.184460603107303e-05
cat__purchase_history_9/15/2019,9.182934093762808e-05
cat__purchase_history_9/28/2018,9.179119640824881e-05
cat__purchase_history_04-09-2020,9.177301706807547e-05
cat__purchase_history_5/24/2023,9.17222730934795e-05
cat__purchase_history_09-10-2020,9.152829817917873e-05
cat__purchase_history_09-08-2023,9.1450771473023e-05
cat__purchase_history_9/28/2022,9.144431481390863e-05
cat__purchase_history_8/22/2019,9.12984080864536e-05
cat__purchase_history_2/19/2022,9.117854228124637e-05
cat__purchase_history_3/28/2019,9.100641871745771e-05
cat__purchase_history_5/26/2021,9.097441590288272e-05
cat__purchase_history_9/23/2018,9.084151058897094e-05
cat__purchase_history_05-04-2021,9.083013207808176e-05
cat__purchase_history_1/19/2021,9.054116280633158e-05
cat__purchase_history_01-05-2020,9.04012220581037e-05
cat__purchase_history_7/27/2023,9.02409633395676e-05
cat__purchase_history_8/23/2020,9.017847225708206e-05
cat__purchase_history_12-02-2022,8.996931575033779e-05
cat__purchase_history_12/27/2022,8.996148447732793e-05
cat__purchase_history_4/19/2023,8.995777728190429e-05
cat__purchase_history_06-05-2021,8.987428804522164e-05
cat__purchase_history_10-08-2020,8.972881046537869e-05
cat__purchase_history_08-09-2018,8.957215754258099e-05
cat__purchase_history_03-05-2020,8.943818893476545e-05
cat__purchase_history_07-02-2019,8.939939987612768e-05
cat__purchase_history_6/21/2020,8.922831106696794e-05
cat__purchase_history_03-05-2023,8.92242464376395e-05
cat__purchase_history_02-09-2022,8.921816673087046e-05
cat__purchase_history_03-06-2019,8.915844049939946e-05
cat__purchase_history_09-03-2018,8.911614330237476e-05
cat__purchase_history_2/13/2019,8.908200352434699e-05
cat__purchase_history_12-07-2023,8.905384883997532e-05
cat__purchase_history_3/18/2018,8.897151827186233e-05
cat__purchase_history_06-08-2020,8.891620445954623e-05
cat__purchase_history_07-01-2021,8.8827518120503e-05
cat__purchase_history_9/14/2019,8.881950929960361e-05
cat__purchase_history_4/22/2019,8.863480191712995e-05
cat__purchase_history_06-01-2019,8.827371704421708e-05
cat__purchase_history_1/17/2021,8.824845129699598e-05
cat__purchase_history_11/15/2018,8.8221160778377e-05
cat__purchase_history_04-01-2018,8.801095361984416e-05
cat__purchase_history_10-11-2020,8.800836573034529e-05
cat__purchase_history_10-10-2018,8.798119456220007e-05
cat__purchase_history_09-01-2021,8.792116089621658e-05
cat__purchase_history_02-08-2019,8.788683228348389e-05
cat__purchase_history_8/20/2021,8.764303429628573e-05
cat__purchase_history_9/28/2019,8.752801309317352e-05
cat__purchase_history_11-03-2023,8.733717036836133e-05
cat__purchase_history_11-09-2023,8.714017806327397e-05
cat__purchase_history_5/20/2020,8.713961141651706e-05
cat__purchase_history_08-02-2023,8.710818128022024e-05
cat__purchase_history_04-03-2022,8.675362031475831e-05
cat__purchase_history_4/23/2021,8.649276433300623e-05
cat__purchase_history_10/13/2019,8.598263430629104e-05
cat__purchase_history_05-08-2019,8.58148888807522e-05
cat__purchase_history_7/17/2018,8.57678460153215e-05
cat__purchase_history_11-09-2022,8.573363720724721e-05
cat__purchase_history_10-05-2018,8.564818137242321e-05
cat__purchase_history_6/19/2020,8.558557609353228e-05
cat__purchase_history_06-06-2018,8.558134625151751e-05
cat__purchase_history_9/16/2021,8.556804100391751e-05
cat__purchase_history_9/22/2019,8.547711643667346e-05
cat__purchase_history_9/24/2023,8.534435026831656e-05
cat__purchase_history_08-03-2023,8.530921363962138e-05
cat__purchase_history_12/27/2021,8.487313920644476e-05
cat__purchase_history_10-03-2022,8.483742443190114e-05
cat__purchase_history_9/17/2019,8.481261708146689e-05
cat__purchase_history_06-08-2018,8.436125532336113e-05
cat__purchase_history_1/22/2022,8.427451391873381e-05
cat__purchase_history_4/14/2021,8.425927760682047e-05
cat__purchase_history_7/26/2020,8.421364629311258e-05
cat__purchase_history_04-11-2019,8.416794987941035e-05
cat__purchase_history_2/17/2020,8.409520821853256e-05
cat__purchase_history_08-12-2021,8.406894344395212e-05
cat__purchase_history_3/13/2020,8.404523785728955e-05
cat__purchase_history_8/17/2022,8.400318066709465e-05
cat__purchase_history_11/23/2022,8.398950412984221e-05
cat__purchase_history_9/21/2019,8.388431763695022e-05
cat__purchase_history_09-02-2020,8.380220539880438e-05
cat__purchase_history_09-07-2022,8.362357825271142e-05
cat__purchase_history_02-04-2019,8.360269710230572e-05
cat__purchase_history_05-11-2023,8.353740977911522e-05
cat__purchase_history_9/25/2023,8.33137860938786e-05
cat__purchase_history_12/18/2021,8.321657103072574e-05
cat__purchase_history_7/13/2023,8.312605936291571e-05
cat__purchase_history_2/26/2018,8.294284521378826e-05
cat__purchase_history_1/15/2019,8.283900713922762e-05
cat__purchase_history_4/18/2022,8.272806873752695e-05
cat__purchase_history_5/25/2018,8.27152959167389e-05
cat__purchase_history_7/25/2019,8.268721311879608e-05
cat__purchase_history_10-04-2021,8.250398778693179e-05
cat__purchase_history_3/20/2019,8.246732593448293e-05
cat__purchase_history_1/22/2020,8.238525517356594e-05
cat__purchase_history_7/18/2023,8.236714670713195e-05
cat__purchase_history_10-12-2021,8.214960054694246e-05
cat__purchase_history_9/14/2023,8.212283036545822e-05
cat__purchase_history_1/16/2018,8.199158960819372e-05
cat__purchase_history_1/19/2019,8.185159993963165e-05
cat__purchase_history_9/24/2020,8.177073120776323e-05
cat__purchase_history_8/22/2022,8.175577611228283e-05
cat__purchase_history_4/27/2021,8.174154006336266e-05
cat__purchase_history_2/26/2021,8.168287858945149e-05
cat__purchase_history_7/19/2018,8.165117890906421e-05
cat__purchase_history_01-09-2022,8.152306469944133e-05
cat__purchase_history_6/20/2020,8.146475829303854e-05
cat__purchase_history_2/14/2021,8.145780534876783e-05
cat__purchase_history_12/23/2018,8.145692169311888e-05
cat__purchase_history_5/28/2020,8.126999852489233e-05
cat__purchase_history_8/19/2020,8.093941923244674e-05
cat__purchase_history_4/21/2020,8.089501671938306e-05
cat__purchase_history_12/19/2021,8.085360956564197e-05
cat__purchase_history_03-09-2022,8.08485392407719e-05
cat__purchase_history_03-06-2021,8.071776841506201e-05
cat__purchase_history_11-10-2019,8.069668296065948e-05
cat__purchase_history_6/13/2021,8.069649112121893e-05
cat__purchase_history_05-05-2020,8.062127239564732e-05
cat__purchase_history_12-11-2022,8.053308621669208e-05
cat__purchase_history_4/24/2019,8.04750896152279e-05
cat__purchase_history_11/17/2018,8.031129200805834e-05
cat__purchase_history_11-09-2020,8.023165465290414e-05
cat__purchase_history_11-01-2021,8.021718012627264e-05
cat__purchase_history_6/20/2018,8.010031367587265e-05
cat__purchase_history_06-01-2023,7.996611101194646e-05
cat__purchase_history_5/18/2018,7.995006998917074e-05
cat__purchase_history_3/14/2018,7.993394868947791e-05
cat__purchase_history_01-08-2022,7.992366510803648e-05
cat__purchase_history_01-11-2022,7.992339785043437e-05
cat__purchase_history_05-01-2020,7.977805456797504e-05
cat__purchase_history_01-04-2021,7.96546181300349e-05
cat__purchase_history_6/24/2019,7.956096507788226e-05
cat__purchase_history_10-11-2018,7.947802389485975e-05
cat__purchase_history_03-07-2022,7.943149219415163e-05
cat__purchase_history_6/26/2023,7.92849066020319e-05
cat__purchase_history_9/18/2019,7.923690832211687e-05
cat__purchase_history_9/19/2021,7.918256616190001e-05
cat__purchase_history_3/17/2020,7.896322066986469e-05
cat__purchase_history_12/25/2021,7.866173191892923e-05
cat__purchase_history_8/18/2021,7.851391938531358e-05
cat__purchase_history_12/20/2023,7.848136210857093e-05
cat__purchase_history_5/15/2023,7.84446205997207e-05
cat__purchase_history_01-03-2022,7.831761292123382e-05
cat__purchase_history_12-01-2021,7.829423233747068e-05
cat__purchase_history_12-03-2020,7.828249293222799e-05
cat__purchase_history_01-12-2021,7.827287566746527e-05
cat__purchase_history_1/20/2021,7.822688254016114e-05
cat__purchase_history_11-07-2021,7.813228591620933e-05
cat__purchase_history_8/27/2021,7.795881851753564e-05
cat__purchase_history_04-07-2022,7.78973986732938e-05
cat__purchase_history_09-08-2020,7.786856117714361e-05
cat__purchase_history_8/15/2023,7.781922760144914e-05
cat__purchase_history_4/20/2018,7.76671450726796e-05
cat__purchase_history_9/21/2022,7.764245254459515e-05
cat__purchase_history_11-12-2021,7.758500884457303e-05
cat__purchase_history_12-06-2019,7.741179892887787e-05
cat__purchase_history_03-08-2018,7.729093824052028e-05
cat__purchase_history_03-08-2020,7.720042971885615e-05
cat__purchase_history_3/25/2019,7.716898859612462e-05
cat__purchase_history_11-08-2019,7.699403442027962e-05
cat__purchase_history_10/22/2021,7.683206949436404e-05
cat__purchase_history_6/27/2020,7.680092330862366e-05
cat__purchase_history_5/21/2019,7.678124574626265e-05
cat__purchase_history_09-02-2021,7.66951903279345e-05
cat__purchase_history_08-05-2018,7.667765319029552e-05
cat__purchase_history_5/22/2022,7.651938721610752e-05
cat__purchase_history_12-02-2019,7.647497762893618e-05
cat__purchase_history_9/26/2021,7.637256553791635e-05
cat__purchase_history_9/18/2021,7.632002309146545e-05
cat__purchase_history_3/27/2018,7.589599854482436e-05
cat__purchase_history_04-05-2020,7.580095126272998e-05
cat__purchase_history_06-09-2020,7.554955044652295e-05
cat__purchase_history_08-04-2021,7.544573054821107e-05
cat__purchase_history_4/14/2023,7.541209175418666e-05
cat__purchase_history_12-05-2018,7.540202027468155e-05
cat__purchase_history_03-01-2020,7.53595299559589e-05
cat__purchase_history_02-07-2023,7.532663389365055e-05
cat__purchase_history_11/19/2023,7.531784898891973e-05
cat__purchase_history_1/25/2023,7.518015699313767e-05
cat__purchase_history_10-10-2019,7.513448603584544e-05
cat__purchase_history_9/22/2023,7.508607016918522e-05
cat__purchase_history_5/17/2021,7.506088080582836e-05
cat__purchase_history_11-09-2021,7.505995629968739e-05
cat__purchase_history_05-11-2019,7.497335590445626e-05
cat__purchase_history_6/13/2018,7.489201617638784e-05
cat__purchase_history_11-04-2020,7.480753666633171e-05
cat__purchase_history_03-09-2018,7.470246166219353e-05
cat__purchase_history_5/24/2022,7.469566553612449e-05
cat__purchase_history_09-05-2021,7.464964601932524e-05
cat__purchase_history_9/19/2020,7.456835704371574e-05
cat__purchase_history_07-07-2023,7.431656746850736e-05
cat__purchase_history_7/25/2023,7.43011778899345e-05
cat__purchase_history_9/15/2018,7.429606940721032e-05
cat__purchase_history_1/25/2019,7.41967059774352e-05
cat__purchase_history_8/16/2020,7.411816475598538e-05
cat__purchase_history_10-03-2021,7.391040716550357e-05
cat__purchase_history_8/14/2022,7.372404879701271e-05
cat__purchase_history_4/14/2018,7.369558625984849e-05
cat__purchase_history_5/28/2022,7.368516689422698e-05
cat__purchase_history_09-11-2023,7.35581677711282e-05
cat__purchase_history_6/18/2021,7.331566873964341e-05
cat__purchase_history_08-10-2019,7.330765938654284e-05
cat__purchase_history_3/26/2020,7.323016138558746e-05
cat__purchase_history_3/14/2022,7.31056963851899e-05
cat__purchase_history_02-06-2021,7.309980669508763e-05
cat__purchase_history_8/18/2022,7.308781606533378e-05
cat__purchase_history_11-04-2021,7.307390026179608e-05
cat__purchase_history_09-01-2018,7.304226349130462e-05
cat__purchase_history_12/13/2022,7.277043443918823e-05
cat__purchase_history_2/15/2018,7.276351134308506e-05
cat__purchase_history_10/26/2023,7.269751268509686e-05
cat__purchase_history_10/13/2022,7.263016487809395e-05
cat__purchase_history_2/22/2019,7.241937198489036e-05
cat__purchase_history_07-02-2023,7.222468147750121e-05
cat__purchase_history_11/25/2023,7.217946437449807e-05
cat__purchase_history_1/14/2018,7.213379038320769e-05
cat__purchase_history_01-05-2021,7.212520656282889e-05
cat__purchase_history_07-04-2021,7.207155052140847e-05
cat__purchase_history_11/15/2023,7.199336739416731e-05
cat__purchase_history_04-03-2020,7.198592415767295e-05
cat__purchase_history_12-04-2022,7.194022197180158e-05
cat__purchase_history_12-06-2020,7.1845787102274e-05
cat__purchase_history_9/25/2020,7.175625634843537e-05
cat__purchase_history_8/22/2018,7.169011579558932e-05
cat__purchase_history_7/25/2018,7.167176082195929e-05
cat__purchase_history_6/18/2018,7.157159292483734e-05
cat__purchase_history_02-10-2023,7.14075315885264e-05
cat__purchase_history_11-06-2019,7.137573401731611e-05
cat__purchase_history_12/26/2022,7.129873017378266e-05
cat__purchase_history_02-05-2020,7.100850705957352e-05
cat__purchase_history_8/17/2018,7.096751368900354e-05
cat__purchase_history_01-07-2019,7.073437603063399e-05
cat__purchase_history_11-11-2019,7.049512251293508e-05
cat__purchase_history_6/16/2019,7.041891884031284e-05
cat__purchase_history_9/17/2021,7.027622597725155e-05
cat__purchase_history_08-08-2023,6.98529921701792e-05
cat__purchase_history_2/24/2022,6.97641838511615e-05
cat__purchase_history_9/26/2019,6.967780145366362e-05
cat__purchase_history_06-01-2018,6.965361047621905e-05
cat__purchase_history_12/28/2023,6.94083376897405e-05
cat__purchase_history_10/19/2019,6.933873950867065e-05
cat__purchase_history_6/16/2022,6.92840675502695e-05
cat__purchase_history_3/19/2020,6.919636666062963e-05
cat__purchase_history_4/19/2022,6.918746332549594e-05
cat__purchase_history_9/14/2018,6.910957234218556e-05
cat__purchase_history_05-12-2020,6.90806170541611e-05
cat__purchase_history_6/14/2018,6.889991512830046e-05
cat__purchase_history_2/23/2019,6.889732532288459e-05
cat__purchase_history_03-10-2020,6.87716721921671e-05
cat__purchase_history_10-04-2018,6.857692280239671e-05
cat__purchase_history_05-04-2020,6.857438879501658e-05
cat__purchase_history_11/26/2019,6.850857714639357e-05
cat__purchase_history_01-04-2018,6.834892809723653e-05
cat__purchase_history_5/23/2022,6.825088257594236e-05
cat__purchase_history_11/28/2022,6.822616732329366e-05
cat__purchase_history_12-12-2018,6.819900700788265e-05
cat__purchase_history_6/27/2018,6.777044816610198e-05
cat__purchase_history_01-08-2023,6.764395178813908e-05
cat__purchase_history_07-03-2023,6.756853540211441e-05
cat__purchase_history_06-03-2023,6.756183424065968e-05
cat__purchase_history_07-02-2018,6.751363945520647e-05
cat__purchase_history_06-03-2019,6.745576055542003e-05
cat__purchase_history_03-11-2020,6.739329954345059e-05
cat__purchase_history_04-07-2019,6.733250246441751e-05
cat__purchase_history_10/25/2018,6.730715816388661e-05
cat__purchase_history_08-12-2020,6.728896092820814e-05
cat__purchase_history_9/17/2018,6.72752044474882e-05
cat__purchase_history_02-04-2021,6.721598250476243e-05
cat__purchase_history_5/14/2023,6.705896952085796e-05
cat__purchase_history_1/16/2023,6.696359447518764e-05
cat__purchase_history_05-08-2020,6.678828474648624e-05
cat__purchase_history_09-03-2020,6.675324314753973e-05
cat__purchase_history_3/17/2018,6.635861982497664e-05
cat__purchase_history_09-01-2020,6.62675243723851e-05
cat__purchase_history_1/22/2021,6.619968713382673e-05
cat__purchase_history_04-12-2023,6.618049686893706e-05
cat__purchase_history_5/17/2020,6.599995987453812e-05
cat__purchase_history_2/25/2023,6.56806149811821e-05
cat__purchase_history_06-01-2021,6.55054599497727e-05
cat__purchase_history_10/27/2023,6.549991158019496e-05
cat__purchase_history_3/24/2019,6.547755647939232e-05
cat__purchase_history_11/23/2023,6.520617045074786e-05
cat__purchase_history_12-03-2019,6.508341014566258e-05
cat__purchase_history_07-05-2023,6.484094685765247e-05
cat__purchase_history_2/25/2020,6.477460550369895e-05
cat__purchase_history_02-11-2018,6.475329638756597e-05
cat__purchase_history_01-08-2019,6.4690713946218e-05
cat__purchase_history_05-08-2018,6.454758357131782e-05
cat__purchase_history_12/22/2019,6.431494506182352e-05
cat__purchase_history_07-11-2022,6.430270031994294e-05
cat__purchase_history_11/17/2023,6.398791048741819e-05
cat__purchase_history_4/27/2018,6.390605729328118e-05
cat__purchase_history_7/28/2020,6.376179575841243e-05
cat__purchase_history_7/15/2018,6.368419645113933e-05
cat__purchase_history_08-03-2018,6.36257884159612e-05
cat__purchase_history_02-12-2020,6.341813117566893e-05
cat__purchase_history_5/19/2020,6.336942735843837e-05
cat__purchase_history_5/23/2018,6.328166475674038e-05
cat__purchase_history_11/20/2021,6.321359617086344e-05
cat__purchase_history_11/26/2020,6.316520973019793e-05
cat__purchase_history_06-10-2020,6.315259069188098e-05
cat__purchase_history_05-07-2018,6.266174384528666e-05
cat__purchase_history_8/20/2018,6.257726289039167e-05
cat__purchase_history_2/20/2021,6.253652260004385e-05
cat__purchase_history_7/16/2022,6.244860051591839e-05
cat__purchase_history_1/26/2023,6.230059916237741e-05
cat__purchase_history_07-07-2020,6.22974871158991e-05
cat__purchase_history_07-11-2019,6.228988916236464e-05
cat__purchase_history_01-04-2022,6.199358654331126e-05
cat__purchase_history_11/26/2023,6.194865096392107e-05
cat__purchase_history_6/21/2022,6.193724491105384e-05
cat__purchase_history_12/26/2021,6.186017797933286e-05
cat__purchase_history_4/26/2022,6.178163916134448e-05
cat__purchase_history_04-01-2023,6.164215603538137e-05
cat__purchase_history_10/16/2018,6.154939589318598e-05
cat__purchase_history_2/19/2019,6.147861700210369e-05
cat__purchase_history_02-10-2018,6.142114011683188e-05
cat__purchase_history_02-09-2020,6.13089484148369e-05
cat__purchase_history_5/26/2023,6.126013006655485e-05
cat__purchase_history_11-08-2023,6.11714632287372e-05
cat__purchase_history_3/14/2019,6.104654357668345e-05
cat__purchase_history_06-08-2022,6.085869133792776e-05
cat__purchase_history_4/24/2023,6.0746386943623984e-05
cat__purchase_history_11/24/2022,6.072931547392558e-05
cat__purchase_history_6/19/2018,6.045724430276849e-05
cat__purchase_history_11/13/2023,6.033684016863292e-05
cat__purchase_history_10/13/2018,6.021899874675141e-05
cat__purchase_history_12-01-2020,6.020682427516968e-05
cat__purchase_history_5/17/2023,6.0026282557097156e-05
cat__purchase_history_1/13/2019,6.001072583946849e-05
cat__purchase_history_3/23/2019,5.9714894656981146e-05
cat__purchase_history_3/26/2022,5.955577462200508e-05
cat__purchase_history_8/23/2022,5.948856105390797e-05
cat__purchase_history_3/16/2019,5.9373973595384436e-05
cat__purchase_history_03-10-2021,5.934841025428403e-05
cat__purchase_history_1/26/2020,5.9213994873086654e-05
cat__purchase_history_10/27/2021,5.9178233160195064e-05
cat__purchase_history_4/16/2020,5.909233884529987e-05
cat__purchase_history_12/19/2023,5.901549295207068e-05
cat__purchase_history_09-11-2018,5.889644782674676e-05
cat__purchase_history_07-09-2018,5.811868648795467e-05
cat__purchase_history_11-11-2020,5.788701792609857e-05
cat__purchase_history_04-11-2022,5.740369416638672e-05
cat__purchase_history_05-05-2021,5.710897803310193e-05
cat__purchase_history_08-05-2022,5.68068662943907e-05
cat__purchase_history_02-09-2019,5.67363515087909e-05
cat__purchase_history_12-05-2023,5.665462431553506e-05
cat__purchase_history_1/23/2022,5.63940522936247e-05
cat__purchase_history_11/25/2018,5.617344189018827e-05
cat__purchase_history_11/13/2020,5.584040709459953e-05
cat__purchase_history_8/13/2019,5.58195761542851e-05
cat__purchase_history_10-09-2018,5.5631891386091055e-05
cat__purchase_history_7/22/2022,5.5171427854267244e-05
cat__purchase_history_6/28/2019,5.513852241699202e-05
cat__purchase_history_4/17/2020,5.4898703774522365e-05
cat__purchase_history_01-03-2018,5.474587835643875e-05
cat__purchase_history_11-12-2020,5.469232878663972e-05
cat__purchase_history_2/24/2023,5.447672891938236e-05
cat__purchase_history_5/14/2018,5.443636017564982e-05
cat__purchase_history_11-04-2022,5.4109892787697456e-05
cat__purchase_history_1/15/2021,5.405975876287888e-05
cat__purchase_history_10-04-2022,5.376555760040907e-05
cat__purchase_history_5/24/2019,5.3759459653595735e-05
cat__purchase_history_8/26/2021,5.3603789189282936e-05
cat__purchase_history_12/24/2021,5.333517989859224e-05
cat__purchase_history_03-09-2023,5.314786059360717e-05
cat__purchase_history_4/16/2018,5.306872634370798e-05
cat__purchase_history_04-01-2021,5.294035354532481e-05
cat__purchase_history_02-05-2023,5.2939138939771264e-05
cat__purchase_history_8/25/2022,5.292555554367486e-05
cat__purchase_history_12-05-2021,5.281092809457423e-05
cat__purchase_history_1/13/2020,5.272779315318146e-05
cat__purchase_history_12/27/2018,5.2299815465616015e-05
cat__purchase_history_8/25/2019,5.2294702877653146e-05
cat__purchase_history_7/28/2018,5.1754850290430316e-05
cat__purchase_history_4/26/2021,5.1752166835601597e-05
cat__purchase_history_2/23/2023,5.1736187125874604e-05
cat__purchase_history_10/26/2022,5.146817423175941e-05
cat__purchase_history_03-03-2023,5.138627399538005e-05
cat__purchase_history_10/24/2019,5.082943252322912e-05
cat__purchase_history_8/27/2018,5.033133526173446e-05
cat__purchase_history_02-01-2020,5.030548652182081e-05
cat__purchase_history_2/17/2018,5.0276226408047385e-05
cat__purchase_history_04-10-2022,5.016617205087386e-05
cat__purchase_history_09-07-2021,5.008302849065132e-05
cat__purchase_history_4/13/2019,5.000735021149109e-05
cat__purchase_history_12-08-2019,4.993158446085096e-05
cat__purchase_history_7/27/2018,4.9851810432817997e-05
cat__purchase_history_1/26/2019,4.972767695585376e-05
cat__purchase_history_9/27/2019,4.9632257121590236e-05
cat__purchase_history_6/14/2020,4.963084514880725e-05
cat__purchase_history_12-01-2023,4.9625129955787966e-05
cat__purchase_history_7/14/2023,4.959613196564502e-05
cat__purchase_history_7/27/2020,4.956419097640266e-05
cat__purchase_history_10/19/2018,4.9406490104977396e-05
cat__purchase_history_04-07-2023,4.938127635555613e-05
cat__purchase_history_1/23/2023,4.912910079508066e-05
cat__purchase_history_4/15/2019,4.905130498465233e-05
cat__purchase_history_3/27/2021,4.8734558212518856e-05
cat__purchase_history_8/14/2021,4.858459190768092e-05
cat__purchase_history_04-05-2021,4.815378759134573e-05
cat__purchase_history_5/26/2019,4.778782272628632e-05
cat__purchase_history_08-03-2020,4.77191509040497e-05
cat__purchase_history_8/16/2023,4.7711864555438475e-05
cat__purchase_history_8/13/2020,4.756791719354356e-05
cat__purchase_history_6/15/2021,4.743962006164829e-05
cat__purchase_history_4/28/2020,4.733573870077107e-05
cat__purchase_history_9/13/2019,4.731864505788962e-05
cat__purchase_history_4/22/2018,4.725117307859898e-05
cat__purchase_history_10/21/2021,4.718082137739337e-05
cat__purchase_history_04-03-2021,4.687679807995693e-05
cat__purchase_history_12/27/2020,4.683277589441975e-05
cat__purchase_history_6/15/2020,4.667495667862345e-05
cat__purchase_history_09-04-2022,4.646665276100451e-05
cat__purchase_history_04-06-2021,4.6376288332379624e-05
cat__purchase_history_3/23/2022,4.6314193845101704e-05
cat__purchase_history_07-06-2021,4.6263131140298166e-05
cat__purchase_history_04-02-2018,4.618302491329199e-05
cat__purchase_history_01-02-2019,4.599857749448626e-05
cat__purchase_history_06-12-2022,4.566781920735063e-05
cat__purchase_history_07-09-2019,4.531070646165544e-05
cat__purchase_history_5/16/2018,4.526142390498755e-05
cat__purchase_history_10/18/2021,4.510350711150791e-05
cat__purchase_history_7/19/2020,4.510313627148482e-05
cat__purchase_history_2/28/2018,4.486999128293359e-05
cat__purchase_history_06-05-2022,4.4658685730898807e-05
cat__purchase_history_01-06-2023,4.422359230570844e-05
cat__purchase_history_09-08-2021,4.412266637126516e-05
cat__purchase_history_5/13/2018,4.378441509304674e-05
cat__purchase_history_02-10-2022,4.371517266457186e-05
cat__purchase_history_11/18/2023,4.352604000437677e-05
cat__purchase_history_09-06-2021,4.350044708989519e-05
cat__purchase_history_06-09-2019,4.347389635499904e-05
cat__purchase_history_4/13/2022,4.3335776109710954e-05
cat__purchase_history_02-01-2019,4.3321634959245834e-05
cat__purchase_history_10/25/2021,4.302339324998812e-05
cat__purchase_history_10-01-2023,4.282676865584362e-05
cat__purchase_history_12/21/2019,4.277425085450871e-05
cat__purchase_history_02-09-2018,4.2764613214529135e-05
cat__purchase_history_05-09-2023,4.255219511334858e-05
cat__purchase_history_11/21/2018,4.21721553820079e-05
cat__purchase_history_1/15/2020,4.202317520892092e-05
cat__purchase_history_8/14/2019,4.202307041313032e-05
cat__purchase_history_10/16/2021,4.1959560940690804e-05
cat__purchase_history_7/20/2022,4.1937420951984996e-05
cat__purchase_history_4/20/2023,4.176089742457219e-05
cat__purchase_history_10/23/2022,4.159052881918183e-05
cat__purchase_history_11/17/2019,4.157624357271185e-05
cat__purchase_history_04-05-2018,4.138187695772284e-05
cat__purchase_history_05-12-2018,4.135136388644705e-05
cat__purchase_history_10/22/2018,4.1005175573347e-05
cat__purchase_history_04-01-2020,4.0926765099980686e-05
cat__purchase_history_8/13/2023,4.082858575855701e-05
cat__purchase_history_3/21/2018,4.072651552271408e-05
cat__purchase_history_1/23/2020,4.001499054863442e-05
cat__purchase_history_2/26/2020,3.9976382129089945e-05
cat__purchase_history_02-08-2023,3.994795526079819e-05
cat__purchase_history_10-10-2021,3.9645489665831405e-05
cat__purchase_history_09-07-2019,3.933844214307572e-05
cat__purchase_history_12-01-2022,3.931059359668494e-05
cat__purchase_history_5/18/2020,3.922310925473637e-05
cat__purchase_history_8/28/2023,3.9071026058942804e-05
cat__purchase_history_12/16/2019,3.904025901151324e-05
cat__purchase_history_01-03-2019,3.896940423704293e-05
cat__purchase_history_10/22/2022,3.845114330328392e-05
cat__purchase_history_12-02-2021,3.835817068693203e-05
cat__purchase_history_03-01-2021,3.819680310365999e-05
cat__purchase_history_9/18/2023,3.796389960084241e-05
cat__purchase_history_08-06-2018,3.766843727685527e-05
cat__purchase_history_02-09-2023,3.7652247470676124e-05
cat__purchase_history_11/23/2018,3.76045334483065e-05
cat__purchase_history_04-06-2019,3.7515156544275565e-05
cat__purchase_history_09-04-2023,3.744852232331461e-05
cat__purchase_history_11-10-2021,3.737486280819301e-05
cat__purchase_history_5/20/2019,3.7339025635584004e-05
cat__purchase_history_10/16/2020,3.733814663495669e-05
cat__purchase_history_5/15/2021,3.7294335163364706e-05
cat__purchase_history_05-03-2022,3.7215924883305144e-05
cat__purchase_history_05-01-2023,3.713759909842354e-05
cat__purchase_history_9/23/2021,3.6576902134248675e-05
cat__purchase_history_9/18/2020,3.6541779009852476e-05
cat__purchase_history_9/21/2021,3.652772916644928e-05
cat__purchase_history_10/28/2023,3.603582494978385e-05
cat__purchase_history_2/25/2019,3.5811462598372965e-05
cat__purchase_history_5/28/2018,3.545100651233285e-05
cat__purchase_history_7/13/2018,3.543162173282922e-05
cat__purchase_history_07-11-2021,3.542785858457508e-05
cat__purchase_history_4/14/2022,3.539103350752144e-05
cat__purchase_history_11-10-2018,3.510041177189612e-05
cat__purchase_history_10-12-2020,3.496065513693959e-05
cat__purchase_history_7/19/2022,3.471359746422361e-05
cat__purchase_history_10/23/2019,3.452770370131603e-05
cat__purchase_history_5/26/2020,3.4396637693902485e-05
cat__purchase_history_10-03-2019,3.405710849684918e-05
cat__purchase_history_5/15/2020,3.381527446139404e-05
cat__purchase_history_7/22/2021,3.37208489027404e-05
cat__purchase_history_05-03-2023,3.364266320750309e-05
cat__purchase_history_11/16/2020,3.364096523027749e-05
cat__purchase_history_5/18/2023,3.342155600196487e-05
cat__purchase_history_7/16/2020,3.341354819535473e-05
cat__purchase_history_09-04-2019,3.3350161827990235e-05
cat__purchase_history_12/18/2023,3.311130340295728e-05
cat__purchase_history_9/24/2019,3.2864474879137806e-05
cat__purchase_history_01-06-2021,3.276040446722424e-05
cat__purchase_history_4/28/2023,3.265696053471486e-05
cat__purchase_history_4/18/2018,3.2592122521190915e-05
cat__purchase_history_3/18/2020,3.2485808273360546e-05
cat__purchase_history_3/16/2023,3.241252840091479e-05
cat__purchase_history_2/22/2018,3.237426117745479e-05
cat__purchase_history_06-04-2022,3.1849716062226006e-05
cat__purchase_history_10-12-2018,3.165827923527332e-05
cat__purchase_history_7/21/2018,3.1469656598445556e-05
cat__purchase_history_3/16/2021,3.1341487570229535e-05
cat__purchase_history_10/13/2023,3.126417572264033e-05
cat__purchase_history_4/23/2023,3.119438054897471e-05
cat__purchase_history_7/20/2019,3.1186871503591945e-05
cat__purchase_history_07-08-2022,3.090573287835882e-05
cat__purchase_history_02-07-2022,3.05285762222586e-05
cat__purchase_history_12/21/2023,3.0371439601083438e-05
cat__purchase_history_2/17/2023,2.9966264150749103e-05
cat__purchase_history_02-12-2019,2.9919445811051855e-05
cat__purchase_history_2/13/2021,2.9222694911835868e-05
cat__purchase_history_12/16/2023,2.8737446611587908e-05
cat__purchase_history_09-03-2021,2.8703527391557244e-05
cat__purchase_history_04-12-2018,2.8108583911770904e-05
cat__purchase_history_12/27/2019,2.8062325862957715e-05
cat__purchase_history_05-07-2022,2.802873763546448e-05
cat__purchase_history_8/21/2018,2.792319881635532e-05
cat__purchase_history_03-11-2021,2.7794172421015127e-05
cat__purchase_history_8/26/2018,2.7697130463038924e-05
cat__purchase_history_10/25/2019,2.7263988122715036e-05
cat__purchase_history_11/13/2021,2.7039760814691476e-05
cat__purchase_history_12/14/2022,2.6891727436902768e-05
cat__purchase_history_12/26/2020,2.678792915318546e-05
cat__purchase_history_2/23/2018,2.6468122356012534e-05
cat__purchase_history_12-06-2018,2.636337933574801e-05
cat__purchase_history_04-11-2018,2.5758010624137457e-05
cat__purchase_history_02-02-2021,2.5653370903125307e-05
cat__purchase_history_8/21/2022,2.56427113899044e-05
cat__purchase_history_6/20/2019,2.5638184797058316e-05
cat__purchase_history_03-12-2019,2.542658847834623e-05
cat__purchase_history_12/22/2022,2.535929574553335e-05
cat__purchase_history_05-11-2021,2.5090237641328953e-05
cat__purchase_history_3/22/2021,2.4973199249850962e-05
cat__purchase_history_06-03-2020,2.4569278982580847e-05
cat__purchase_history_9/18/2022,2.396953168257077e-05
cat__purchase_history_3/21/2021,2.3745247073694522e-05
cat__purchase_history_02-02-2023,2.364224928154408e-05
cat__purchase_history_05-05-2022,2.3570266251796665e-05
cat__purchase_history_1/20/2019,2.343115743929518e-05
cat__purchase_history_6/15/2023,2.317637754032558e-05
cat__purchase_history_6/24/2022,2.231217785094475e-05
cat__purchase_history_03-10-2019,2.215111682714627e-05
cat__purchase_history_3/21/2023,2.2118835762734776e-05
cat__purchase_history_11-09-2018,2.181780706888468e-05
cat__purchase_history_11-01-2018,2.1542688389533092e-05
cat__purchase_history_1/13/2023,2.1115082272442514e-05
cat__purchase_history_09-05-2022,2.093332983560445e-05
cat__purchase_history_01-01-2022,2.0893528660209052e-05
cat__purchase_history_06-12-2018,2.082615337549065e-05
cat__purchase_history_10-05-2022,2.0660609048419552e-05
cat__purchase_history_12-08-2023,2.0584629394905112e-05
cat__purchase_history_11/19/2021,2.0121776897929723e-05
cat__purchase_history_9/20/2019,1.9446398968858876e-05
cat__purchase_history_05-06-2021,1.915820577267771e-05
cat__purchase_history_12/28/2021,1.851933189739987e-05
cat__purchase_history_12/23/2019,1.8468289476973808e-05
cat__purchase_history_10-02-2020,1.8183931999188357e-05
cat__purchase_history_11/16/2022,1.7921157025899767e-05
cat__purchase_history_4/13/2023,1.703603338295e-05
cat__purchase_history_5/21/2018,1.5169650242156706e-05
cat__purchase_history_2/14/2019,1.5090536838361521e-05
cat__purchase_history_3/21/2020,1.5046523213625613e-05
cat__purchase_history_12/22/2021,1.4992141396450344e-05
cat__purchase_history_07-12-2022,1.442653030129671e-05
cat__purchase_history_12-09-2018,1.4386004895559912e-05
cat__purchase_history_10/25/2022,1.4095616874858427e-05
cat__purchase_history_8/28/2021,1.3434923997919941e-05
cat__purchase_history_8/27/2023,1.3092149215607189e-05
cat__purchase_history_08-07-2021,1.119945127445413e-05
cat__purchase_history_6/26/2019,1.0721348267947217e-05
cat__purchase_history_7/15/2020,1.0661493127167166e-05
cat__purchase_history_05-02-2018,9.978666328902326e-06
cat__purchase_history_6/16/2020,9.32993602973559e-06
cat__purchase_history_08-01-2019,9.027644506346574e-06
cat__purchase_history_02-06-2019,7.138545188674376e-06
cat__purchase_history_6/16/2018,5.0760749367470315e-06
cat__purchase_history_04-04-2020,2.8511893104051785e-06
cat__purchase_history_02-12-2021,2.5716818275954554e-06
cat__purchase_history_8/19/2021,2.177129196970314e-06
